-- teachers
insert into users (id, name, email, role) values (2, 'Adam Brashear', 'adam@mail.com', 2);
insert into users (id, name, email, role) values (3, 'Curtis Connors', 'curtis@mail.com', 2);
insert into users (id, name, email, role) values (4, 'Theodore Sallis', 'theo@mail.com', 2);
insert into users (id, name, email, role) values (5, 'Walter Langkowski', 'walter@mail.com', 2);
insert into users (id, name, email, role) values (6, 'Anne Marconi', 'anne@mail.com', 2);

-- students
insert into users (id, name, email, role, picture_url) values (7, 'Jorge Bustamante', 'jorge@mail.com', 3, 'http://dummyimage.com/400x400.png/ff4444/ffffff');
insert into users (id, name, email, role, picture_url) values (8, 'Cordelia Martinez', 'cordelia@mail.com', 3, 'http://dummyimage.com/400x400.png/cc0000/ffffff');
insert into users (id, name, email, role, picture_url) values (9, 'Maria Gonzalez', 'maria@mail.com', 3, 'http://dummyimage.com/400x400.png/dddddd/000000');
insert into users (id, name, email, role, picture_url) values (10, 'Maruca Garza', 'maruca@mail.com', 3, 'http://dummyimage.com/400x400.png/5fa2dd/ffffff');
insert into users (id, name, email, role, picture_url) values (11, 'Catalina Fernandez', 'catalina@mail.com', 3, 'http://dummyimage.com/400x400.png/dddddd/000000');
insert into users (id, name, email, role, picture_url) values (12, 'Diego Bucio', 'diego@mail.com', 3, 'http://dummyimage.com/400x400.png/ff4444/ffffff');
insert into users (id, name, email, role, picture_url) values (13, 'Alejandro Elizondo', 'alejandro@mail.com', 3, 'http://dummyimage.com/400x400.png/cc0000/ffffff');
insert into users (id, name, email, role, picture_url) values (14, 'Carlos Fritz', 'carlos@mail.com', 3, 'http://dummyimage.com/400x400.png/dddddd/000000');
insert into users (id, name, email, role, picture_url) values (15, 'Paulina Rodriguez', 'paulina@mail.com', 3, 'http://dummyimage.com/400x400.png/5fa2dd/ffffff');
insert into users (id, name, email, role, picture_url) values (16, 'Anapaula Chavez', 'anapaula@mail.com', 3, 'http://dummyimage.com/400x400.png/dddddd/000000');

-- courses
insert into courses (id, name, course_key, course_type, schedule) values (1, 'Linear Programming', '02681519', 1, 'Spring 2019, MoThu 13:00');
insert into courses (id, name, course_key, course_type, schedule) values (2, 'Videogame Development', '49967456', 1, 'Spring 2019, TuFri 9:00');
insert into courses (id, name, course_key, course_type, schedule) values (3, 'Software Architecture', '25021813', 1,'Spring 2019, Wed 14:30');
insert into courses (id, name, course_key, course_type, schedule) values (4, 'Simulations', '52125314', 1, 'Spring 2019, MoFri 7:00');
insert into courses (id, name, course_key, course_type, schedule) values (5, 'Compiler Design', '65224800', 1, 'Spring 2019, MoThu 12:00');
insert into courses (id, name, course_key, course_type, schedule) values (6, 'Databases', '49884753', 2, 'Spring 2019, MoThu 10:00');
insert into courses (id, name, course_key, course_type, schedule) values (7, 'Computer Graphics', '42254239', 2, 'Spring 2019, TuFri 17:00');
insert into courses (id, name, course_key, course_type, schedule) values (8, 'Quantitative Methods', '64117193', 2, 'Spring 2019, Wed 13:00');
insert into courses (id, name, course_key, course_type, schedule) values (9, 'OOP', '21695733', 2, 'Spring 2019, MoFri 12:00');
insert into courses (id, name, course_key, course_type, schedule) values (10, 'Functional Programming', '51143693', 2, 'Spring 2019, TuFri 15:00');

-- teams
insert into teams (id, name, img_url, leader_id) values (1, 'Spiced Nectarine', 'http://dummyimage.com/400x400.png/ff4444/ffffff', 1);
insert into teams (id, name, img_url, leader_id) values (2, 'Heliotrope', 'http://dummyimage.com/400x400.png/cc0000/ffffff', 1);
insert into teams (id, name, img_url, leader_id) values (3, 'Beekeepers', 'http://dummyimage.com/400x400.png/dddddd/000000', 1);
insert into teams (id, name, img_url, leader_id) values (4, 'Deep Koamaru', 'http://dummyimage.com/400x400.png/5fa2dd/ffffff', 1);
insert into teams (id, name, img_url, leader_id) values (5, 'Hint of Mint', 'http://dummyimage.com/400x400.png/dddddd/000000', 1);

-- projects
insert into projects (id, name, photo, long_description, short_description, video, course_id, team_id) values (1, 'Solarbreeze', 'http://dummyimage.com/400x400.png/ff4444/ffffff', 'in congue etiam justo etiam pretium iaculis justo in hac habitasse platea dictumst etiam faucibus cursus urna ut tellus nulla ut erat id mauris vulputate elementum nullam varius nulla facilisi cras non velit nec nisi vulputate nonummy maecenas tincidunt lacus at velit vivamus vel nulla eget eros elementum pellentesque quisque porta volutpat', 'sed ante vivamus tortor duis', 'https://www.youtube.com/embed/gYuH4Ilqdhs', 1, 1);
insert into projects (id, name, photo, long_description, short_description, video, course_id, team_id) values (2, 'Bitchip', 'http://dummyimage.com/400x400.png/cc0000/ffffff', 'suspendisse potenti cras in purus eu magna vulputate luctus cum sociis natoque penatibus et magnis dis parturient montes nascetur ridiculus mus vivamus vestibulum sagittis sapien cum sociis natoque penatibus et magnis dis parturient montes nascetur ridiculus mus etiam vel augue vestibulum rutrum rutrum neque aenean auctor gravida sem praesent id massa id nisl venenatis lacinia aenean sit amet justo morbi ut odio cras mi pede malesuada in imperdiet et commodo vulputate justo in blandit ultrices enim lorem ipsum dolor sit amet consectetuer adipiscing elit proin interdum mauris non ligula pellentesque ultrices phasellus id sapien', 'nibh fusce lacus purus aliquet at feugiat', 'https://www.youtube.com/embed/gYuH4Ilqdhs', 1, 2);
insert into projects (id, name, photo, long_description, short_description, video, course_id, team_id) values (3, 'Rank', 'http://dummyimage.com/400x400.png/dddddd/000000', 'diam id ornare imperdiet sapien urna pretium nisl ut volutpat sapien arcu sed augue aliquam erat volutpat in congue etiam justo etiam pretium iaculis justo in hac habitasse platea dictumst etiam faucibus cursus urna ut tellus nulla ut erat id mauris vulputate elementum nullam varius nulla facilisi cras non velit nec nisi vulputate nonummy maecenas tincidunt lacus at velit vivamus vel nulla eget eros elementum pellentesque quisque porta volutpat erat quisque erat eros viverra eget congue eget semper rutrum nulla nunc purus phasellus in felis donec semper sapien a libero nam dui proin leo odio porttitor id consequat in consequat ut nulla sed accumsan felis ut at dolor quis odio consequat varius integer ac leo pellentesque ultrices mattis odio donec vitae nisi nam ultrices libero non mattis pulvinar nulla pede ullamcorper augue a suscipit nulla elit ac nulla sed vel enim', 'viverra dapibus nulla suscipit ligula in', 'https://www.youtube.com/embed/gYuH4Ilqdhs', 1, 3);
insert into projects (id, name, photo, long_description, short_description, video, course_id, team_id) values (4, 'Ronstring', 'http://dummyimage.com/400x400.png/5fa2dd/ffffff', 'amet erat nulla tempus vivamus in felis eu sapien cursus vestibulum proin eu mi nulla ac enim in tempor turpis nec euismod scelerisque quam turpis adipiscing lorem vitae mattis nibh ligula nec sem duis aliquam convallis nunc proin at turpis a pede posuere nonummy integer non velit donec diam neque vestibulum eget vulputate ut ultrices vel augue vestibulum ante ipsum primis in faucibus', 'viverra dapibus nulla suscipit ligula in', 'https://www.youtube.com/embed/gYuH4Ilqdhs', 1, 4);
insert into projects (id, name, photo, long_description, short_description, video, course_id, team_id) values (5, 'Subin', 'http://dummyimage.com/400x400.png/dddddd/000000', 'eget elit sodales scelerisque mauris sit amet eros suspendisse accumsan tortor quis turpis sed ante vivamus tortor duis mattis egestas metus aenean fermentum donec ut mauris eget massa tempor convallis nulla neque libero convallis eget eleifend luctus ultricies eu nibh quisque id justo sit amet sapien dignissim vestibulum vestibulum ante ipsum primis in faucibus orci luctus et ultrices posuere cubilia curae nulla dapibus dolor vel est donec odio justo sollicitudin ut suscipit a feugiat et eros vestibulum', 'consequat ut nulla sed', 'https://www.youtube.com/embed/gYuH4Ilqdhs', 1, 5);
insert into projects (id, name, photo, long_description, short_description, video, course_id, team_id) values (6, 'Tin', 'http://dummyimage.com/400x400.png/5fa2dd/ffffff', 'posuere felis sed lacus morbi sem mauris laoreet ut rhoncus aliquet pulvinar sed nisl nunc rhoncus dui vel sem sed sagittis nam congue risus semper porta volutpat quam pede lobortis ligula sit amet eleifend pede libero quis orci nullam molestie nibh in lectus pellentesque at nulla suspendisse potenti cras in purus eu magna vulputate luctus cum sociis natoque penatibus et magnis dis parturient montes nascetur ridiculus mus vivamus vestibulum sagittis sapien cum sociis natoque penatibus et magnis dis parturient montes nascetur ridiculus mus etiam vel augue vestibulum rutrum rutrum neque aenean auctor gravida sem praesent id massa id nisl venenatis lacinia aenean sit amet justo morbi ut odio cras mi pede malesuada in imperdiet et commodo vulputate justo in blandit ultrices enim lorem ipsum dolor sit amet consectetuer adipiscing elit proin interdum mauris non ligula pellentesque ultrices', 'id sapien in sapien', 'https://www.youtube.com/embed/gYuH4Ilqdhs', 2, 1);
insert into projects (id, name, photo, long_description, short_description, video, course_id, team_id) values (7, 'Domainer', 'http://dummyimage.com/400x400.png/ff4444/ffffff', 'in lacus curabitur at ipsum ac tellus semper interdum mauris ullamcorper purus sit amet nulla quisque arcu libero', 'porttitor lorem id ligula suspendisse ornare consequat', 'https://www.youtube.com/embed/gYuH4Ilqdhs', 2, 2);
insert into projects (id, name, photo, long_description, short_description, video, course_id, team_id) values (8, 'Duobam', 'http://dummyimage.com/400x400.png/5fa2dd/ffffff', 'eget nunc donec quis orci eget orci vehicula condimentum curabitur in libero ut massa volutpat convallis morbi odio odio elementum eu interdum eu tincidunt in leo maecenas pulvinar', 'penatibus et magnis', 'https://www.youtube.com/embed/gYuH4Ilqdhs', 2, 3);
insert into projects (id, name, photo, long_description, short_description, video, course_id, team_id) values (9, 'Opela', 'http://dummyimage.com/400x400.png/cc0000/ffffff', 'amet cursus id turpis integer aliquet massa id lobortis convallis tortor risus dapibus augue vel accumsan tellus nisi eu orci mauris lacinia sapien quis libero nullam sit amet turpis elementum ligula vehicula consequat morbi a ipsum integer a nibh in quis justo maecenas rhoncus aliquam lacus morbi quis tortor id nulla ultrices aliquet maecenas leo odio condimentum id luctus nec molestie sed justo pellentesque viverra pede ac diam cras pellentesque volutpat dui maecenas tristique est et tempus', 'diam erat fermentum justo nec', 'https://www.youtube.com/embed/gYuH4Ilqdhs', 2, 4);
insert into projects (id, name, photo, long_description, short_description, video, course_id, team_id) values (10, 'Fixflex', 'http://dummyimage.com/400x400.png/5fa2dd/ffffff', 'maecenas rhoncus aliquam lacus morbi quis tortor id nulla ultrices aliquet maecenas leo odio condimentum id luctus nec molestie sed justo pellentesque viverra pede ac diam cras pellentesque volutpat dui', 'arcu adipiscing molestie hendrerit at vulputate vitae nisl aenean lectus', 'https://www.youtube.com/embed/gYuH4Ilqdhs', 2, 5);
insert into projects (id, name, photo, long_description, short_description, video, course_id, team_id) values (11, 'Cardguard', 'http://dummyimage.com/400x400.png/dddddd/000000', 'metus sapien ut nunc vestibulum ante ipsum primis in faucibus orci luctus et ultrices posuere cubilia curae mauris viverra diam vitae quam suspendisse potenti nullam porttitor lacus at turpis donec posuere metus', 'tristique fusce congue', 'https://www.youtube.com/embed/gYuH4Ilqdhs', 3, 1);
insert into projects (id, name, photo, long_description, short_description, video, course_id, team_id) values (12, 'Zontrax', 'http://dummyimage.com/400x400.png/5fa2dd/ffffff', 'platea dictumst etiam faucibus cursus urna ut tellus nulla ut erat id mauris vulputate elementum nullam varius nulla facilisi cras non velit nec nisi vulputate nonummy maecenas tincidunt lacus at velit', 'neque sapien placerat ante nulla justo aliquam quis turpis eget', 'https://www.youtube.com/embed/gYuH4Ilqdhs', 3, 2);
insert into projects (id, name, photo, long_description, short_description, video, course_id, team_id) values (13, 'Fintone', 'http://dummyimage.com/400x400.png/cc0000/ffffff', 'in faucibus orci luctus et ultrices posuere cubilia curae duis faucibus accumsan odio curabitur convallis duis consequat dui nec nisi volutpat eleifend donec ut dolor morbi vel lectus in quam fringilla rhoncus mauris enim leo rhoncus sed vestibulum sit amet cursus id turpis integer aliquet massa id lobortis convallis tortor risus dapibus augue vel accumsan tellus nisi eu orci mauris lacinia sapien quis libero nullam sit amet turpis elementum ligula vehicula consequat morbi a ipsum integer a nibh in quis justo maecenas rhoncus aliquam lacus morbi quis tortor id nulla ultrices aliquet maecenas leo odio condimentum id luctus nec molestie sed justo pellentesque viverra pede ac diam cras pellentesque volutpat dui maecenas tristique est et tempus semper est quam pharetra magna ac consequat metus sapien ut nunc vestibulum ante ipsum primis in faucibus orci luctus et ultrices posuere cubilia curae mauris viverra diam vitae quam suspendisse potenti nullam porttitor lacus at turpis donec posuere', 'ante vestibulum ante ipsum', 'https://www.youtube.com/embed/gYuH4Ilqdhs', 3, 3);
insert into projects (id, name, photo, long_description, short_description, video, course_id, team_id) values (14, 'Cardguard', 'http://dummyimage.com/400x400.png/cc0000/ffffff', 'leo maecenas pulvinar lobortis est phasellus sit amet erat nulla tempus vivamus in felis eu sapien cursus vestibulum proin eu mi nulla ac enim in tempor turpis nec', 'eleifend quam a odio in hac habitasse', 'https://www.youtube.com/embed/gYuH4Ilqdhs', 3, 4);
insert into projects (id, name, photo, long_description, short_description, video, course_id, team_id) values (15, 'Matsoft', 'http://dummyimage.com/400x400.png/cc0000/ffffff', 'cum sociis natoque penatibus et magnis dis parturient montes nascetur ridiculus mus vivamus vestibulum sagittis sapien cum sociis natoque penatibus et magnis dis parturient montes nascetur ridiculus mus etiam vel augue vestibulum rutrum rutrum neque aenean auctor gravida sem praesent id massa id nisl venenatis lacinia aenean sit amet justo morbi ut odio cras mi pede malesuada in imperdiet et commodo vulputate justo in blandit ultrices enim lorem ipsum dolor sit amet consectetuer adipiscing elit proin interdum mauris non ligula pellentesque ultrices phasellus', 'dui nec nisi', 'https://www.youtube.com/embed/gYuH4Ilqdhs', 3, 5);
insert into projects (id, name, photo, long_description, short_description, video, course_id, team_id) values (16, 'Zaam-Dox', 'http://dummyimage.com/400x400.png/cc0000/ffffff', 'eget orci vehicula condimentum curabitur in libero ut massa volutpat convallis morbi odio odio elementum eu interdum eu tincidunt in leo maecenas pulvinar lobortis est phasellus sit amet erat nulla tempus vivamus in felis eu sapien cursus vestibulum proin eu mi nulla ac enim in tempor turpis nec euismod scelerisque quam turpis adipiscing lorem vitae mattis nibh ligula nec sem duis aliquam convallis nunc proin at turpis a pede posuere nonummy integer non velit donec diam neque vestibulum eget vulputate ut ultrices vel augue vestibulum ante ipsum primis in faucibus orci luctus et ultrices posuere cubilia curae donec pharetra magna vestibulum aliquet ultrices erat tortor', 'lacinia eget tincidunt eget tempus vel', 'https://www.youtube.com/embed/gYuH4Ilqdhs', 4, 1);
insert into projects (id, name, photo, long_description, short_description, video, course_id, team_id) values (17, 'Sonsing', 'http://dummyimage.com/400x400.png/ff4444/ffffff', 'ligula pellentesque ultrices phasellus id sapien in sapien iaculis congue vivamus metus arcu adipiscing molestie hendrerit at vulputate vitae nisl aenean lectus pellentesque eget nunc donec quis orci eget orci vehicula condimentum curabitur in libero ut massa volutpat convallis morbi odio odio elementum eu interdum eu tincidunt in leo maecenas pulvinar lobortis est phasellus sit amet erat nulla tempus vivamus in felis eu sapien cursus vestibulum proin eu mi nulla ac enim in tempor turpis nec euismod scelerisque quam turpis adipiscing lorem vitae mattis nibh ligula nec sem duis aliquam convallis nunc proin at turpis a pede posuere nonummy integer non velit donec diam neque vestibulum eget vulputate ut ultrices', 'nisi at nibh in hac habitasse platea dictumst aliquam augue', 'https://www.youtube.com/embed/gYuH4Ilqdhs', 4, 2);
insert into projects (id, name, photo, long_description, short_description, video, course_id, team_id) values (18, 'Span', 'http://dummyimage.com/400x400.png/cc0000/ffffff', 'mus etiam vel augue vestibulum rutrum rutrum neque aenean auctor gravida sem praesent id massa id nisl venenatis lacinia aenean sit amet justo morbi ut odio cras mi pede malesuada in imperdiet et commodo vulputate justo in blandit ultrices enim lorem ipsum dolor sit amet consectetuer adipiscing elit proin interdum mauris non ligula pellentesque ultrices phasellus id sapien in sapien iaculis congue vivamus metus arcu adipiscing molestie hendrerit at vulputate vitae nisl aenean lectus pellentesque eget nunc donec quis orci eget orci vehicula condimentum curabitur in libero ut massa volutpat convallis morbi odio odio elementum eu interdum eu tincidunt in leo maecenas pulvinar lobortis est phasellus sit amet erat nulla tempus vivamus in felis eu sapien cursus vestibulum proin eu mi nulla ac enim in tempor turpis nec euismod scelerisque quam turpis adipiscing lorem vitae mattis nibh ligula nec sem duis aliquam convallis nunc proin at turpis a pede posuere nonummy integer non velit donec diam neque vestibulum eget vulputate ut ultrices vel augue vestibulum ante ipsum primis in faucibus orci luctus et ultrices posuere cubilia curae donec pharetra magna vestibulum', 'non interdum in ante vestibulum ante ipsum primis in faucibus', 'https://www.youtube.com/embed/gYuH4Ilqdhs', 4, 3);
insert into projects (id, name, photo, long_description, short_description, video, course_id, team_id) values (19, 'Konklux', 'http://dummyimage.com/400x400.png/cc0000/ffffff', 'velit donec diam neque vestibulum eget vulputate ut ultrices vel augue vestibulum ante ipsum primis in faucibus orci luctus et ultrices posuere cubilia curae donec pharetra magna vestibulum aliquet ultrices erat tortor sollicitudin mi sit amet lobortis sapien sapien non mi integer ac neque duis bibendum morbi non quam nec dui luctus rutrum nulla tellus in sagittis dui vel nisl duis ac nibh fusce lacus purus aliquet at feugiat non pretium quis lectus suspendisse potenti in eleifend quam a odio in hac habitasse platea dictumst maecenas ut massa quis augue luctus tincidunt nulla mollis molestie lorem quisque ut erat curabitur gravida nisi at nibh', 'gravida sem praesent id', 'https://www.youtube.com/embed/gYuH4Ilqdhs', 4, 4);
insert into projects (id, name, photo, long_description, short_description, video, course_id, team_id) values (20, 'Voyatouch', 'http://dummyimage.com/400x400.png/5fa2dd/ffffff', 'ut suscipit a feugiat et eros vestibulum ac est lacinia nisi venenatis tristique fusce congue diam id ornare imperdiet sapien urna pretium nisl ut volutpat sapien arcu sed augue aliquam erat volutpat in congue etiam justo etiam pretium iaculis justo in hac habitasse platea dictumst etiam faucibus cursus urna ut tellus nulla ut erat id mauris vulputate elementum nullam varius nulla facilisi cras non velit nec nisi vulputate nonummy maecenas tincidunt lacus at velit vivamus vel nulla eget eros elementum pellentesque quisque porta volutpat erat quisque erat eros viverra eget congue eget semper rutrum nulla nunc purus phasellus in felis donec semper', 'nulla tellus in sagittis dui', 'https://www.youtube.com/embed/gYuH4Ilqdhs', 4, 5);
insert into projects (id, name, photo, long_description, short_description, video, course_id, team_id) values (21, 'Overhold', 'http://dummyimage.com/400x400.png/5fa2dd/ffffff', 'ligula pellentesque ultrices phasellus id sapien in sapien iaculis congue vivamus metus arcu adipiscing molestie hendrerit at vulputate vitae nisl aenean lectus pellentesque eget nunc donec quis orci eget orci vehicula condimentum curabitur in libero ut massa volutpat convallis morbi odio odio elementum eu interdum eu tincidunt in leo maecenas pulvinar lobortis est phasellus sit amet', 'tempus sit amet sem fusce consequat', 'https://www.youtube.com/embed/gYuH4Ilqdhs', 5, 1);
insert into projects (id, name, photo, long_description, short_description, video, course_id, team_id) values (22, 'Trippledex', 'http://dummyimage.com/400x400.png/dddddd/000000', 'mi integer ac neque duis bibendum morbi non quam nec dui luctus rutrum nulla tellus in sagittis dui vel nisl duis ac nibh fusce lacus purus aliquet at feugiat non pretium quis lectus suspendisse potenti in eleifend quam a odio in hac habitasse platea dictumst maecenas ut massa quis augue luctus tincidunt nulla mollis molestie lorem quisque ut erat curabitur gravida nisi at nibh in hac habitasse platea dictumst aliquam augue quam sollicitudin vitae consectetuer', 'porttitor pede justo eu massa donec dapibus duis at velit', 'https://www.youtube.com/embed/gYuH4Ilqdhs', 5, 2);
insert into projects (id, name, photo, long_description, short_description, video, course_id, team_id) values (23, 'Sonair', 'http://dummyimage.com/400x400.png/5fa2dd/ffffff', 'vivamus tortor duis mattis egestas metus aenean fermentum donec ut mauris eget massa', 'enim leo rhoncus', 'https://www.youtube.com/embed/gYuH4Ilqdhs', 5, 3);
insert into projects (id, name, photo, long_description, short_description, video, course_id, team_id) values (24, 'Y-find', 'http://dummyimage.com/400x400.png/dddddd/000000', 'posuere cubilia curae mauris viverra diam vitae quam suspendisse potenti nullam porttitor lacus at turpis donec posuere metus vitae ipsum aliquam non mauris morbi non lectus aliquam sit amet diam in magna bibendum imperdiet nullam orci pede venenatis non sodales sed tincidunt eu felis fusce posuere felis sed lacus morbi sem mauris laoreet ut rhoncus aliquet', 'justo in blandit ultrices enim lorem ipsum', 'https://www.youtube.com/embed/gYuH4Ilqdhs', 5, 4);
insert into projects (id, name, photo, long_description, short_description, video, course_id, team_id) values (25, 'Transcof', 'http://dummyimage.com/400x400.png/dddddd/000000', 'sed interdum venenatis turpis enim blandit mi in porttitor pede justo eu massa donec dapibus duis at velit eu est congue elementum in hac habitasse platea dictumst morbi vestibulum velit id pretium iaculis diam erat fermentum justo nec condimentum neque sapien placerat ante nulla justo aliquam quis turpis eget elit sodales scelerisque mauris sit amet eros suspendisse accumsan tortor quis turpis sed ante vivamus tortor duis mattis egestas metus aenean fermentum donec ut mauris eget massa tempor convallis nulla neque libero convallis eget eleifend luctus ultricies eu nibh quisque id justo sit amet sapien dignissim vestibulum vestibulum ante ipsum primis in faucibus orci luctus et ultrices posuere cubilia curae nulla dapibus dolor vel est donec odio justo sollicitudin ut suscipit a feugiat et eros vestibulum ac est lacinia nisi venenatis tristique fusce congue diam id ornare imperdiet sapien urna pretium nisl ut volutpat sapien arcu sed augue aliquam erat volutpat in congue etiam justo etiam pretium iaculis justo in hac habitasse platea dictumst etiam faucibus cursus urna ut tellus nulla ut erat id mauris vulputate elementum nullam varius nulla facilisi cras non velit nec nisi vulputate nonummy maecenas tincidunt lacus at velit vivamus vel', 'proin interdum mauris non ligula pellentesque ultrices phasellus id sapien', 'https://www.youtube.com/embed/gYuH4Ilqdhs', 5, 5);
insert into projects (id, name, photo, long_description, short_description, video, course_id, team_id) values (26, 'Zontrax', 'http://dummyimage.com/400x400.png/5fa2dd/ffffff', 'dictumst morbi vestibulum velit id pretium iaculis diam erat fermentum justo nec condimentum neque sapien placerat ante nulla justo aliquam quis turpis eget elit sodales scelerisque mauris sit amet eros suspendisse accumsan tortor quis turpis sed ante vivamus tortor duis mattis egestas metus aenean fermentum donec ut mauris eget massa tempor convallis nulla neque libero convallis eget eleifend luctus ultricies eu nibh quisque id justo sit amet sapien dignissim vestibulum vestibulum ante ipsum primis in faucibus orci luctus et ultrices posuere cubilia curae nulla dapibus dolor vel est donec odio justo sollicitudin ut suscipit a feugiat et eros vestibulum ac est lacinia nisi venenatis tristique fusce congue diam id ornare imperdiet sapien urna pretium nisl ut volutpat sapien arcu sed augue aliquam erat volutpat in congue etiam justo etiam pretium iaculis justo in hac habitasse platea dictumst etiam faucibus cursus urna ut tellus nulla ut erat id mauris vulputate elementum nullam varius nulla facilisi cras non velit nec nisi vulputate nonummy maecenas tincidunt lacus at', 'laoreet ut rhoncus aliquet pulvinar', 'https://www.youtube.com/embed/gYuH4Ilqdhs', 1, 1);
insert into projects (id, name, photo, long_description, short_description, video, course_id, team_id) values (27, 'Trippledex', 'http://dummyimage.com/400x400.png/ff4444/ffffff', 'velit donec diam neque vestibulum eget vulputate ut ultrices vel augue vestibulum ante ipsum primis in faucibus orci luctus et ultrices posuere cubilia curae donec pharetra magna vestibulum aliquet ultrices erat tortor sollicitudin mi sit amet lobortis sapien sapien non mi integer ac neque duis bibendum morbi non quam nec dui luctus rutrum nulla tellus in sagittis dui vel nisl duis ac nibh fusce lacus purus aliquet at feugiat non pretium quis lectus suspendisse potenti in eleifend quam a odio in hac habitasse platea dictumst maecenas ut massa quis augue luctus tincidunt nulla mollis molestie lorem quisque ut erat curabitur gravida nisi at nibh in hac habitasse platea dictumst aliquam augue quam sollicitudin vitae consectetuer eget rutrum at lorem integer tincidunt ante vel ipsum', 'laoreet ut rhoncus aliquet pulvinar sed nisl', 'https://www.youtube.com/embed/gYuH4Ilqdhs', 1, 2);
insert into projects (id, name, photo, long_description, short_description, video, course_id, team_id) values (28, 'Pannier', 'http://dummyimage.com/400x400.png/cc0000/ffffff', 'et commodo vulputate justo in blandit ultrices enim lorem ipsum dolor sit amet consectetuer adipiscing elit proin interdum mauris non ligula pellentesque ultrices phasellus id sapien in sapien iaculis congue vivamus metus arcu adipiscing molestie hendrerit at vulputate vitae nisl aenean lectus pellentesque eget nunc donec quis orci eget orci vehicula condimentum curabitur in libero ut massa volutpat convallis morbi odio odio elementum eu interdum eu tincidunt in leo maecenas pulvinar lobortis est phasellus', 'aenean sit amet justo morbi', 'https://www.youtube.com/embed/gYuH4Ilqdhs', 1, 3);
insert into projects (id, name, photo, long_description, short_description, video, course_id, team_id) values (29, 'Redhold', 'http://dummyimage.com/400x400.png/5fa2dd/ffffff', 'massa id nisl venenatis lacinia aenean sit amet justo morbi ut odio cras mi pede malesuada in imperdiet et commodo vulputate justo in blandit ultrices enim lorem ipsum dolor sit amet consectetuer adipiscing elit proin interdum mauris non ligula pellentesque ultrices phasellus id sapien in sapien iaculis congue vivamus metus arcu adipiscing molestie hendrerit at vulputate vitae nisl aenean lectus pellentesque eget nunc donec quis orci eget orci vehicula condimentum curabitur in libero ut massa volutpat convallis morbi odio odio elementum eu interdum eu tincidunt in leo maecenas pulvinar lobortis est phasellus sit amet erat nulla tempus vivamus in felis eu sapien cursus vestibulum proin eu mi nulla ac enim in tempor turpis nec euismod scelerisque quam turpis adipiscing lorem vitae mattis nibh ligula nec sem duis aliquam convallis nunc proin at turpis a pede posuere nonummy integer non velit donec diam neque vestibulum eget vulputate ut ultrices vel augue vestibulum ante ipsum primis in faucibus orci luctus et ultrices posuere cubilia curae donec pharetra magna vestibulum aliquet ultrices erat tortor sollicitudin mi sit amet lobortis sapien sapien non mi integer ac neque duis bibendum morbi non quam nec dui', 'nulla elit ac nulla sed vel enim sit amet', 'https://www.youtube.com/embed/gYuH4Ilqdhs', 1, 4);
insert into projects (id, name, photo, long_description, short_description, video, course_id, team_id) values (30, 'Zathin', 'http://dummyimage.com/400x400.png/cc0000/ffffff', 'nisl duis bibendum felis sed interdum venenatis turpis enim blandit mi in porttitor pede justo eu massa donec dapibus duis at velit eu est congue elementum in hac habitasse platea dictumst morbi vestibulum velit id pretium iaculis diam erat fermentum justo nec condimentum neque sapien placerat ante nulla justo aliquam quis turpis eget elit sodales scelerisque mauris sit amet eros suspendisse accumsan tortor quis turpis sed ante vivamus tortor duis mattis egestas metus aenean fermentum donec ut mauris eget massa tempor convallis nulla neque libero convallis eget eleifend luctus ultricies eu nibh quisque id justo sit amet', 'felis sed interdum venenatis turpis enim blandit mi in', 'https://www.youtube.com/embed/gYuH4Ilqdhs', 1, 5);
insert into projects (id, name, photo, long_description, short_description, video, course_id, team_id) values (31, 'Kanlam', 'http://dummyimage.com/400x400.png/ff4444/ffffff', 'praesent lectus vestibulum quam sapien varius ut blandit non interdum in ante vestibulum ante ipsum primis', 'diam erat fermentum justo nec', 'https://www.youtube.com/embed/gYuH4Ilqdhs', 2, 1);
insert into projects (id, name, photo, long_description, short_description, video, course_id, team_id) values (32, 'Job', 'http://dummyimage.com/400x400.png/5fa2dd/ffffff', 'a ipsum integer a nibh in quis justo maecenas rhoncus aliquam lacus morbi quis tortor id nulla ultrices aliquet maecenas leo odio condimentum id luctus nec molestie sed justo pellentesque viverra pede ac diam cras pellentesque volutpat dui maecenas tristique est et tempus semper est quam pharetra magna ac consequat metus sapien ut nunc vestibulum ante ipsum primis in faucibus orci luctus et ultrices posuere cubilia curae mauris viverra diam vitae quam suspendisse potenti nullam porttitor lacus at turpis donec posuere metus vitae ipsum aliquam non mauris morbi non lectus aliquam sit amet diam in magna bibendum imperdiet nullam orci pede venenatis non sodales sed tincidunt eu felis fusce posuere felis sed lacus morbi sem mauris laoreet ut rhoncus aliquet pulvinar sed nisl', 'in lacus curabitur at ipsum ac', 'https://www.youtube.com/embed/gYuH4Ilqdhs', 2, 2);
insert into projects (id, name, photo, long_description, short_description, video, course_id, team_id) values (33, 'Bytecard', 'http://dummyimage.com/400x400.png/cc0000/ffffff', 'erat eros viverra eget congue eget semper rutrum nulla nunc purus', 'id luctus nec molestie sed justo pellentesque viverra pede ac', 'https://www.youtube.com/embed/gYuH4Ilqdhs', 2, 3);
insert into projects (id, name, photo, long_description, short_description, video, course_id, team_id) values (34, 'Otcom', 'http://dummyimage.com/400x400.png/cc0000/ffffff', 'suspendisse ornare consequat lectus in est risus auctor sed tristique in tempus sit amet sem fusce consequat nulla nisl nunc nisl duis bibendum felis sed interdum venenatis turpis enim blandit mi in porttitor pede justo eu massa donec dapibus duis at velit eu est congue elementum in hac habitasse platea dictumst morbi vestibulum velit id pretium iaculis diam erat fermentum justo nec condimentum neque sapien placerat ante nulla justo aliquam quis turpis eget elit sodales scelerisque mauris sit amet eros suspendisse accumsan tortor quis turpis sed ante vivamus tortor duis mattis egestas metus aenean fermentum donec ut mauris eget massa tempor convallis nulla neque libero convallis eget eleifend luctus ultricies eu nibh quisque id justo sit amet sapien dignissim vestibulum vestibulum ante ipsum', 'ac est lacinia', 'https://www.youtube.com/embed/gYuH4Ilqdhs', 2, 4);
insert into projects (id, name, photo, long_description, short_description, video, course_id, team_id) values (35, 'Cardify', 'http://dummyimage.com/400x400.png/cc0000/ffffff', 'erat id mauris vulputate elementum nullam varius nulla facilisi cras non velit nec nisi vulputate nonummy maecenas tincidunt lacus at velit vivamus vel nulla eget eros elementum pellentesque quisque porta volutpat erat quisque erat eros viverra eget congue eget semper rutrum nulla nunc purus phasellus in felis donec', 'varius nulla facilisi cras non', 'https://www.youtube.com/embed/gYuH4Ilqdhs', 2, 5);
insert into projects (id, name, photo, long_description, short_description, video, course_id, team_id) values (36, 'Ventosanzap', 'http://dummyimage.com/400x400.png/ff4444/ffffff', 'nibh quisque id justo sit amet sapien dignissim vestibulum vestibulum ante ipsum primis in faucibus orci luctus et ultrices posuere cubilia curae nulla dapibus dolor vel est donec odio justo sollicitudin ut suscipit a feugiat et eros vestibulum ac est lacinia nisi venenatis tristique fusce congue diam id ornare imperdiet sapien urna pretium nisl ut volutpat sapien arcu sed augue aliquam erat volutpat in congue etiam justo etiam pretium iaculis justo in hac habitasse platea dictumst etiam faucibus cursus urna ut tellus nulla ut erat id mauris vulputate elementum nullam', 'at ipsum ac tellus semper interdum', 'https://www.youtube.com/embed/gYuH4Ilqdhs', 3, 1);
insert into projects (id, name, photo, long_description, short_description, video, course_id, team_id) values (37, 'Viva', 'http://dummyimage.com/400x400.png/5fa2dd/ffffff', 'aliquam lacus morbi quis tortor id nulla ultrices aliquet maecenas leo odio condimentum id luctus nec molestie sed justo pellentesque viverra pede ac diam cras pellentesque volutpat dui maecenas tristique est et tempus semper est quam pharetra magna ac consequat metus sapien ut nunc vestibulum ante ipsum primis in faucibus orci luctus et ultrices posuere cubilia curae mauris viverra diam vitae quam suspendisse potenti', 'et eros vestibulum ac est lacinia', 'https://www.youtube.com/embed/gYuH4Ilqdhs', 3, 2);
insert into projects (id, name, photo, long_description, short_description, video, course_id, team_id) values (38, 'Sonsing', 'http://dummyimage.com/400x400.png/dddddd/000000', 'donec diam neque vestibulum eget vulputate ut ultrices vel augue vestibulum ante ipsum primis in faucibus orci luctus et ultrices posuere cubilia curae donec pharetra magna vestibulum aliquet ultrices erat tortor sollicitudin mi sit amet lobortis sapien sapien non mi integer ac neque duis bibendum morbi non quam nec dui luctus rutrum nulla tellus in sagittis dui vel nisl duis ac nibh fusce lacus purus aliquet at feugiat non pretium quis lectus suspendisse potenti in eleifend quam a odio in hac habitasse platea dictumst maecenas ut massa quis augue luctus tincidunt nulla mollis molestie lorem quisque ut erat curabitur gravida nisi at nibh in hac habitasse platea dictumst aliquam augue quam sollicitudin vitae consectetuer eget rutrum at lorem integer tincidunt ante vel ipsum praesent blandit lacinia erat vestibulum sed magna at nunc commodo placerat praesent blandit nam nulla integer pede justo lacinia eget tincidunt', 'parturient montes nascetur ridiculus mus etiam vel augue', 'https://www.youtube.com/embed/gYuH4Ilqdhs', 3, 3);
insert into projects (id, name, photo, long_description, short_description, video, course_id, team_id) values (39, 'Veribet', 'http://dummyimage.com/400x400.png/dddddd/000000', 'quam a odio in hac habitasse platea dictumst maecenas ut massa quis augue luctus tincidunt nulla mollis molestie lorem quisque ut erat curabitur gravida nisi at nibh in hac habitasse platea dictumst aliquam augue quam sollicitudin vitae consectetuer eget rutrum at lorem integer tincidunt ante vel ipsum praesent blandit lacinia erat vestibulum sed magna at nunc commodo placerat praesent blandit nam nulla integer pede justo lacinia eget tincidunt eget tempus vel pede morbi porttitor lorem id ligula suspendisse ornare consequat lectus in est risus auctor sed tristique in tempus sit amet sem fusce consequat nulla nisl nunc nisl duis bibendum felis sed interdum venenatis turpis enim blandit mi in porttitor pede justo eu massa donec dapibus duis at velit eu est congue elementum in hac habitasse platea dictumst morbi vestibulum velit id pretium iaculis diam erat fermentum justo nec condimentum neque sapien placerat ante nulla justo aliquam quis turpis eget elit sodales scelerisque mauris sit amet eros suspendisse accumsan tortor quis turpis sed ante vivamus tortor', 'nisi vulputate nonummy maecenas tincidunt lacus', 'https://www.youtube.com/embed/gYuH4Ilqdhs', 3, 4);
insert into projects (id, name, photo, long_description, short_description, video, course_id, team_id) values (40, 'Alphazap', 'http://dummyimage.com/400x400.png/ff4444/ffffff', 'sed magna at nunc commodo placerat praesent blandit nam nulla integer pede justo lacinia eget tincidunt eget tempus vel pede morbi porttitor lorem id ligula suspendisse ornare consequat lectus in est risus auctor sed tristique in tempus sit amet sem fusce consequat nulla nisl nunc nisl duis bibendum felis sed interdum venenatis turpis enim blandit mi in porttitor pede justo eu massa donec dapibus duis at velit eu est congue elementum in hac habitasse platea dictumst morbi vestibulum velit id pretium iaculis diam erat fermentum justo nec condimentum neque sapien placerat ante nulla justo aliquam quis turpis eget elit sodales scelerisque mauris sit amet eros suspendisse accumsan tortor quis turpis sed ante vivamus tortor duis mattis egestas metus aenean fermentum donec ut mauris eget massa tempor convallis nulla neque libero convallis eget eleifend luctus ultricies eu nibh quisque id justo sit amet sapien dignissim vestibulum vestibulum ante ipsum primis in faucibus orci luctus et ultrices posuere cubilia curae nulla dapibus dolor vel est donec odio justo sollicitudin ut suscipit a feugiat et eros vestibulum ac est lacinia nisi venenatis tristique fusce congue diam id ornare imperdiet sapien urna pretium nisl ut volutpat sapien arcu sed', 'ac nibh fusce lacus purus', 'https://www.youtube.com/embed/gYuH4Ilqdhs', 3, 5);
insert into projects (id, name, photo, long_description, short_description, video, course_id, team_id) values (41, 'Cardguard', 'http://dummyimage.com/400x400.png/dddddd/000000', 'morbi quis tortor id nulla ultrices aliquet maecenas leo odio condimentum id luctus nec molestie sed justo pellentesque viverra pede ac diam cras pellentesque volutpat dui maecenas tristique est et tempus semper est quam pharetra magna ac consequat', 'gravida sem praesent', 'https://www.youtube.com/embed/gYuH4Ilqdhs', 4, 1);
insert into projects (id, name, photo, long_description, short_description, video, course_id, team_id) values (42, 'Vagram', 'http://dummyimage.com/400x400.png/ff4444/ffffff', 'tristique fusce congue diam id ornare imperdiet sapien urna pretium nisl ut volutpat sapien arcu sed augue aliquam erat volutpat in congue etiam justo etiam pretium iaculis justo in hac habitasse platea dictumst etiam faucibus cursus urna ut tellus nulla ut erat id mauris vulputate elementum nullam varius nulla facilisi cras non velit nec nisi vulputate nonummy maecenas tincidunt lacus at velit vivamus vel nulla eget eros elementum pellentesque quisque porta volutpat erat quisque erat eros viverra eget congue eget semper rutrum nulla nunc purus phasellus in felis donec semper sapien a libero nam dui proin leo odio porttitor id consequat in consequat ut nulla sed accumsan felis ut at dolor quis odio consequat', 'maecenas leo odio condimentum id luctus nec molestie sed', 'https://www.youtube.com/embed/gYuH4Ilqdhs', 4, 2);
insert into projects (id, name, photo, long_description, short_description, video, course_id, team_id) values (43, 'Redhold', 'http://dummyimage.com/400x400.png/dddddd/000000', 'semper rutrum nulla nunc purus phasellus in felis donec semper sapien a libero nam dui proin leo odio porttitor id consequat in consequat ut nulla sed accumsan felis ut at dolor quis odio consequat varius integer ac leo pellentesque ultrices mattis odio donec vitae nisi nam ultrices libero non mattis pulvinar nulla pede ullamcorper augue a suscipit nulla elit ac nulla sed vel enim sit amet nunc viverra dapibus nulla suscipit ligula in lacus curabitur at ipsum ac tellus semper interdum mauris ullamcorper purus sit amet nulla quisque arcu libero rutrum ac lobortis', 'et eros vestibulum ac est lacinia', 'https://www.youtube.com/embed/gYuH4Ilqdhs', 4, 3);
insert into projects (id, name, photo, long_description, short_description, video, course_id, team_id) values (44, 'Bamity', 'http://dummyimage.com/400x400.png/ff4444/ffffff', 'mus etiam vel augue vestibulum rutrum rutrum neque aenean auctor gravida sem praesent id massa id nisl venenatis lacinia aenean sit amet justo morbi ut odio cras mi pede malesuada in imperdiet et commodo vulputate justo in blandit ultrices enim lorem ipsum dolor sit amet consectetuer adipiscing elit proin interdum mauris non ligula pellentesque ultrices phasellus id sapien', 'rhoncus aliquet pulvinar sed nisl', 'https://www.youtube.com/embed/gYuH4Ilqdhs', 4, 4);
insert into projects (id, name, photo, long_description, short_description, video, course_id, team_id) values (45, 'Andalax', 'http://dummyimage.com/400x400.png/dddddd/000000', 'pellentesque ultrices phasellus id sapien in sapien iaculis congue vivamus metus arcu adipiscing molestie hendrerit at vulputate vitae nisl aenean lectus pellentesque', 'cubilia curae donec pharetra magna vestibulum aliquet ultrices', 'https://www.youtube.com/embed/gYuH4Ilqdhs', 4, 5);
insert into projects (id, name, photo, long_description, short_description, video, course_id, team_id) values (46, 'Stringtough', 'http://dummyimage.com/400x400.png/5fa2dd/ffffff', 'faucibus orci luctus et ultrices posuere cubilia curae donec pharetra magna vestibulum aliquet ultrices erat tortor sollicitudin mi sit amet lobortis sapien sapien non mi integer ac neque duis bibendum morbi non quam nec dui luctus rutrum nulla tellus in sagittis dui vel nisl duis ac nibh fusce lacus purus aliquet at feugiat non pretium quis lectus suspendisse potenti in eleifend quam a odio in hac habitasse platea dictumst maecenas ut massa quis augue luctus tincidunt nulla mollis molestie lorem quisque ut erat curabitur gravida nisi at nibh in hac habitasse platea dictumst aliquam augue quam sollicitudin vitae consectetuer eget rutrum at lorem integer tincidunt ante vel ipsum praesent blandit lacinia erat vestibulum sed magna at nunc commodo placerat praesent blandit nam nulla integer pede justo lacinia eget tincidunt eget tempus vel pede morbi porttitor lorem id ligula suspendisse ornare consequat lectus in est risus auctor sed tristique in tempus sit amet sem fusce', 'integer ac leo pellentesque ultrices mattis', 'https://www.youtube.com/embed/gYuH4Ilqdhs', 5, 1);
insert into projects (id, name, photo, long_description, short_description, video, course_id, team_id) values (47, 'Fix San', 'http://dummyimage.com/400x400.png/cc0000/ffffff', 'viverra diam vitae quam suspendisse potenti nullam porttitor lacus at turpis donec posuere metus vitae ipsum aliquam non mauris morbi non lectus aliquam sit amet diam in magna bibendum imperdiet nullam orci pede venenatis non sodales sed tincidunt eu felis fusce posuere felis sed lacus morbi sem mauris laoreet ut rhoncus aliquet pulvinar sed nisl nunc rhoncus dui vel sem sed sagittis nam congue risus semper porta volutpat quam pede lobortis ligula sit amet eleifend pede libero quis orci nullam molestie nibh in lectus pellentesque at nulla suspendisse potenti cras in purus eu magna vulputate luctus cum sociis natoque penatibus et magnis dis parturient montes nascetur ridiculus mus', 'amet turpis elementum ligula vehicula consequat morbi a ipsum', 'https://www.youtube.com/embed/gYuH4Ilqdhs', 5, 2);
insert into projects (id, name, photo, long_description, short_description, video, course_id, team_id) values (48, 'Overhold', 'http://dummyimage.com/400x400.png/dddddd/000000', 'habitasse platea dictumst etiam faucibus cursus urna ut tellus nulla ut erat id mauris vulputate elementum nullam varius nulla facilisi cras non velit nec nisi vulputate nonummy maecenas tincidunt lacus at velit vivamus vel nulla eget eros elementum pellentesque quisque porta volutpat erat quisque erat eros viverra eget congue eget semper rutrum nulla nunc purus phasellus in felis donec semper sapien a libero nam dui proin leo odio porttitor id consequat in consequat ut nulla sed accumsan felis ut at dolor quis odio consequat varius integer ac leo pellentesque ultrices mattis odio donec vitae nisi nam ultrices libero non mattis pulvinar nulla pede ullamcorper augue a suscipit nulla elit ac nulla sed vel enim sit amet nunc viverra dapibus nulla suscipit ligula in lacus curabitur at ipsum ac tellus semper interdum mauris ullamcorper purus sit amet nulla quisque arcu libero rutrum ac lobortis vel dapibus at diam', 'vestibulum ante ipsum primis in faucibus orci luctus', 'https://www.youtube.com/embed/gYuH4Ilqdhs', 5, 3);
insert into projects (id, name, photo, long_description, short_description, video, course_id, team_id) values (49, 'Vagram', 'http://dummyimage.com/400x400.png/cc0000/ffffff', 'vitae ipsum aliquam non mauris morbi non lectus aliquam sit amet diam in magna bibendum imperdiet nullam orci pede venenatis non sodales sed tincidunt eu felis fusce posuere felis sed lacus morbi sem mauris laoreet ut rhoncus aliquet pulvinar sed nisl nunc rhoncus dui vel sem sed sagittis nam congue risus semper porta volutpat quam pede lobortis ligula sit amet eleifend pede libero quis orci nullam molestie nibh in lectus pellentesque at nulla suspendisse potenti cras in purus eu magna vulputate luctus cum sociis natoque penatibus et magnis dis parturient', 'sit amet nunc viverra dapibus nulla', 'https://www.youtube.com/embed/gYuH4Ilqdhs', 5, 4);
insert into projects (id, name, photo, long_description, short_description, video, course_id, team_id) values (50, 'Vagram', 'http://dummyimage.com/400x400.png/dddddd/000000', 'vivamus metus arcu adipiscing molestie hendrerit at vulputate vitae nisl aenean lectus pellentesque eget nunc donec quis orci eget orci vehicula condimentum curabitur in libero ut massa volutpat convallis morbi odio odio elementum eu interdum eu tincidunt in leo maecenas pulvinar lobortis est phasellus sit amet erat nulla tempus vivamus in felis eu sapien cursus vestibulum proin eu mi nulla ac enim in tempor turpis nec euismod scelerisque quam turpis adipiscing lorem vitae mattis nibh ligula nec sem', 'ac nibh fusce lacus', 'https://www.youtube.com/embed/gYuH4Ilqdhs', 5, 5);
insert into projects (id, name, photo, long_description, short_description, video, course_id, team_id) values (51, 'Bamity', 'http://dummyimage.com/400x400.png/ff4444/ffffff', 'feugiat non pretium quis lectus suspendisse potenti in eleifend quam a odio in hac habitasse platea dictumst maecenas ut massa quis augue luctus tincidunt nulla mollis molestie lorem quisque ut erat curabitur gravida nisi at nibh in hac habitasse platea dictumst aliquam augue quam sollicitudin vitae consectetuer eget', 'ridiculus mus etiam vel augue vestibulum rutrum rutrum', 'https://www.youtube.com/embed/gYuH4Ilqdhs', 1, 1);
insert into projects (id, name, photo, long_description, short_description, video, course_id, team_id) values (52, 'Cardify', 'http://dummyimage.com/400x400.png/5fa2dd/ffffff', 'eget tempus vel pede morbi porttitor lorem id ligula suspendisse ornare consequat lectus in est risus auctor sed tristique in tempus sit amet sem fusce consequat nulla nisl nunc nisl duis bibendum felis sed interdum venenatis turpis enim blandit mi in porttitor pede justo eu massa donec dapibus duis at velit eu est congue elementum in hac habitasse platea dictumst morbi vestibulum velit id pretium iaculis diam erat fermentum justo nec condimentum neque sapien placerat ante nulla justo aliquam quis turpis eget elit sodales scelerisque mauris sit amet eros suspendisse accumsan tortor quis turpis sed ante vivamus tortor duis mattis egestas metus aenean fermentum donec ut mauris eget massa tempor convallis nulla neque libero convallis eget eleifend luctus ultricies eu nibh quisque id justo sit amet sapien', 'potenti cras in purus eu', 'https://www.youtube.com/embed/gYuH4Ilqdhs', 1, 2);
insert into projects (id, name, photo, long_description, short_description, video, course_id, team_id) values (53, 'Gembucket', 'http://dummyimage.com/400x400.png/cc0000/ffffff', 'magna vestibulum aliquet ultrices erat tortor sollicitudin mi sit amet lobortis sapien sapien non mi integer ac neque', 'eros viverra eget', 'https://www.youtube.com/embed/gYuH4Ilqdhs', 1, 3);
insert into projects (id, name, photo, long_description, short_description, video, course_id, team_id) values (54, 'Span', 'http://dummyimage.com/400x400.png/cc0000/ffffff', 'suspendisse accumsan tortor quis turpis sed ante vivamus tortor duis mattis egestas metus aenean fermentum donec ut mauris eget massa tempor convallis nulla neque libero convallis eget eleifend luctus ultricies eu nibh quisque id justo sit amet sapien dignissim vestibulum vestibulum ante ipsum primis in faucibus orci luctus et ultrices posuere cubilia curae nulla dapibus dolor vel est donec odio justo sollicitudin ut suscipit a feugiat et eros vestibulum', 'ac nibh fusce lacus purus aliquet', 'https://www.youtube.com/embed/gYuH4Ilqdhs', 1, 4);
insert into projects (id, name, photo, long_description, short_description, video, course_id, team_id) values (55, 'Cardguard', 'http://dummyimage.com/400x400.png/5fa2dd/ffffff', 'vel nisl duis ac nibh fusce lacus purus aliquet at feugiat non pretium quis lectus suspendisse potenti in eleifend quam a odio in hac habitasse platea dictumst maecenas ut massa quis augue luctus tincidunt nulla mollis molestie lorem quisque ut erat curabitur gravida nisi at nibh in hac habitasse platea dictumst aliquam augue quam sollicitudin vitae consectetuer eget rutrum at lorem integer tincidunt ante vel ipsum praesent blandit lacinia erat vestibulum sed magna at nunc commodo placerat praesent blandit nam nulla integer pede justo lacinia eget tincidunt eget tempus vel pede morbi porttitor lorem id ligula suspendisse ornare consequat lectus in est risus auctor sed tristique in tempus sit amet sem fusce consequat nulla nisl nunc nisl duis bibendum felis sed interdum venenatis turpis enim blandit mi in porttitor pede justo eu massa donec dapibus duis at velit eu est congue elementum in hac habitasse platea dictumst morbi vestibulum velit id pretium iaculis diam erat fermentum justo nec condimentum neque sapien placerat ante nulla justo aliquam quis turpis eget elit sodales scelerisque mauris sit amet eros suspendisse', 'tellus semper interdum mauris ullamcorper purus sit amet', 'https://www.youtube.com/embed/gYuH4Ilqdhs', 1, 5);
insert into projects (id, name, photo, long_description, short_description, video, course_id, team_id) values (56, 'Tempsoft', 'http://dummyimage.com/400x400.png/cc0000/ffffff', 'tellus nisi eu orci mauris lacinia sapien quis libero nullam sit amet turpis elementum ligula vehicula consequat morbi a ipsum integer a nibh in quis justo maecenas rhoncus aliquam lacus morbi quis tortor id nulla ultrices aliquet maecenas leo odio condimentum id luctus nec', 'amet eleifend pede libero quis orci nullam molestie', 'https://www.youtube.com/embed/gYuH4Ilqdhs', 2, 1);
insert into projects (id, name, photo, long_description, short_description, video, course_id, team_id) values (57, 'Sonsing', 'http://dummyimage.com/400x400.png/dddddd/000000', 'massa id lobortis convallis tortor risus dapibus augue vel accumsan tellus nisi eu orci mauris lacinia sapien quis libero nullam sit amet turpis elementum ligula vehicula consequat morbi a ipsum integer a nibh in quis justo maecenas rhoncus aliquam lacus morbi quis tortor id nulla ultrices aliquet maecenas leo odio condimentum id luctus nec molestie sed justo pellentesque viverra pede ac diam cras pellentesque volutpat dui maecenas tristique est et tempus semper est quam pharetra magna ac consequat metus sapien ut nunc vestibulum ante ipsum primis in faucibus orci luctus et ultrices posuere cubilia curae mauris viverra diam vitae quam suspendisse potenti nullam porttitor lacus at turpis donec posuere metus vitae ipsum aliquam non mauris morbi non lectus aliquam sit amet diam in magna bibendum imperdiet nullam orci pede venenatis non sodales sed tincidunt eu felis fusce posuere felis sed lacus morbi sem mauris laoreet ut rhoncus aliquet pulvinar sed nisl nunc rhoncus dui vel sem sed sagittis nam congue risus semper', 'eu nibh quisque id justo sit amet sapien dignissim', 'https://www.youtube.com/embed/gYuH4Ilqdhs', 2, 2);
insert into projects (id, name, photo, long_description, short_description, video, course_id, team_id) values (58, 'Sub-Ex', 'http://dummyimage.com/400x400.png/cc0000/ffffff', 'in felis eu sapien cursus vestibulum proin eu mi nulla ac enim in tempor turpis nec euismod scelerisque quam turpis adipiscing lorem vitae mattis nibh', 'porttitor lacus at turpis donec posuere metus vitae ipsum', 'https://www.youtube.com/embed/gYuH4Ilqdhs', 2, 3);
insert into projects (id, name, photo, long_description, short_description, video, course_id, team_id) values (59, 'Solarbreeze', 'http://dummyimage.com/400x400.png/cc0000/ffffff', 'risus dapibus augue vel accumsan tellus nisi eu orci mauris lacinia sapien quis libero nullam sit amet turpis elementum ligula vehicula consequat morbi a ipsum integer a nibh in quis justo maecenas rhoncus aliquam lacus morbi quis tortor id nulla ultrices aliquet maecenas', 'ornare consequat lectus in est risus auctor sed tristique in', 'https://www.youtube.com/embed/gYuH4Ilqdhs', 2, 4);
insert into projects (id, name, photo, long_description, short_description, video, course_id, team_id) values (60, 'Cardguard', 'http://dummyimage.com/400x400.png/ff4444/ffffff', 'rutrum nulla tellus in sagittis dui vel nisl duis ac nibh fusce lacus purus aliquet at feugiat non pretium quis lectus suspendisse potenti in eleifend quam a odio in hac habitasse platea dictumst maecenas ut massa quis augue luctus tincidunt nulla mollis molestie lorem quisque ut erat curabitur gravida nisi at nibh in hac habitasse platea dictumst aliquam augue quam sollicitudin vitae consectetuer eget rutrum at lorem integer tincidunt ante vel ipsum praesent blandit lacinia erat vestibulum sed magna at nunc commodo placerat praesent blandit nam nulla integer pede justo lacinia eget tincidunt eget tempus vel pede morbi porttitor lorem id ligula suspendisse ornare consequat lectus in est risus auctor sed tristique in tempus sit amet sem fusce consequat nulla nisl nunc nisl duis bibendum felis sed interdum venenatis turpis enim blandit mi in porttitor pede', 'volutpat convallis morbi odio odio elementum eu interdum eu tincidunt', 'https://www.youtube.com/embed/gYuH4Ilqdhs', 2, 5);
insert into projects (id, name, photo, long_description, short_description, video, course_id, team_id) values (61, 'Voltsillam', 'http://dummyimage.com/400x400.png/dddddd/000000', 'erat nulla tempus vivamus in felis eu sapien cursus vestibulum proin eu mi nulla ac enim in tempor turpis nec euismod scelerisque quam turpis adipiscing lorem vitae mattis nibh ligula nec sem duis aliquam convallis nunc proin at turpis a pede posuere nonummy integer non velit donec diam neque vestibulum eget vulputate ut ultrices vel augue vestibulum ante ipsum primis in faucibus orci luctus et ultrices posuere cubilia curae donec pharetra magna vestibulum aliquet ultrices erat tortor sollicitudin mi sit amet lobortis sapien sapien non mi integer ac neque duis bibendum morbi non quam nec dui luctus rutrum nulla tellus in sagittis dui vel nisl duis ac nibh fusce lacus purus aliquet at feugiat non pretium quis lectus suspendisse potenti in eleifend quam a odio in hac habitasse platea dictumst maecenas ut massa quis augue luctus tincidunt nulla mollis molestie lorem quisque ut erat curabitur gravida nisi at nibh in hac habitasse platea dictumst aliquam augue quam sollicitudin vitae consectetuer eget rutrum at lorem integer tincidunt ante vel ipsum praesent blandit lacinia erat vestibulum sed magna at nunc commodo placerat praesent blandit nam nulla integer pede justo lacinia eget tincidunt eget tempus vel', 'non mattis pulvinar nulla pede ullamcorper augue a suscipit nulla', 'https://www.youtube.com/embed/gYuH4Ilqdhs', 3, 1);
insert into projects (id, name, photo, long_description, short_description, video, course_id, team_id) values (62, 'Zamit', 'http://dummyimage.com/400x400.png/5fa2dd/ffffff', 'habitasse platea dictumst aliquam augue quam sollicitudin vitae consectetuer eget rutrum at lorem integer tincidunt ante vel ipsum praesent blandit lacinia erat vestibulum sed magna at nunc commodo placerat praesent blandit nam nulla integer pede justo lacinia eget tincidunt eget tempus vel pede morbi porttitor lorem id ligula suspendisse ornare consequat lectus in est risus auctor sed tristique in tempus sit amet sem fusce consequat nulla nisl nunc nisl duis bibendum felis sed interdum venenatis turpis enim blandit mi in porttitor pede justo eu massa donec dapibus duis at velit eu est congue elementum in hac habitasse platea dictumst morbi vestibulum velit id pretium iaculis diam erat fermentum justo nec condimentum neque sapien placerat', 'eget eleifend luctus ultricies eu nibh quisque id', 'https://www.youtube.com/embed/gYuH4Ilqdhs', 3, 2);
insert into projects (id, name, photo, long_description, short_description, video, course_id, team_id) values (63, 'Gembucket', 'http://dummyimage.com/400x400.png/5fa2dd/ffffff', 'sit amet turpis elementum ligula vehicula consequat morbi a ipsum integer a nibh in quis justo maecenas rhoncus aliquam lacus morbi quis tortor id', 'mattis nibh ligula nec sem', 'https://www.youtube.com/embed/gYuH4Ilqdhs', 3, 3);
insert into projects (id, name, photo, long_description, short_description, video, course_id, team_id) values (64, 'Keylex', 'http://dummyimage.com/400x400.png/cc0000/ffffff', 'eget elit sodales scelerisque mauris sit amet eros suspendisse accumsan tortor quis turpis sed ante vivamus tortor duis mattis egestas metus aenean fermentum donec ut mauris eget massa tempor convallis nulla neque libero convallis eget eleifend luctus ultricies eu nibh quisque id justo sit amet sapien dignissim vestibulum vestibulum ante ipsum primis in faucibus orci luctus et ultrices posuere cubilia curae nulla dapibus dolor vel est donec odio justo sollicitudin ut suscipit a feugiat et eros vestibulum ac est lacinia nisi venenatis tristique fusce congue diam id ornare imperdiet sapien urna pretium nisl ut volutpat sapien arcu sed augue aliquam erat volutpat in congue etiam justo etiam pretium iaculis justo in hac habitasse platea dictumst etiam faucibus cursus urna ut tellus nulla ut erat id mauris vulputate elementum nullam varius nulla facilisi cras non velit nec nisi vulputate nonummy maecenas tincidunt lacus at velit vivamus vel nulla eget eros elementum pellentesque quisque porta volutpat erat quisque erat eros viverra eget congue eget semper rutrum nulla nunc purus phasellus in felis donec semper sapien a libero nam dui proin leo odio porttitor id', 'rutrum ac lobortis vel dapibus at diam nam tristique tortor', 'https://www.youtube.com/embed/gYuH4Ilqdhs', 3, 4);
insert into projects (id, name, photo, long_description, short_description, video, course_id, team_id) values (65, 'Bamity', 'http://dummyimage.com/400x400.png/5fa2dd/ffffff', 'aliquam quis turpis eget elit sodales scelerisque mauris sit amet eros suspendisse accumsan tortor quis turpis sed ante vivamus tortor duis mattis egestas metus aenean fermentum donec ut mauris eget massa tempor convallis nulla neque libero convallis eget eleifend luctus ultricies eu nibh quisque id justo sit amet sapien dignissim vestibulum vestibulum ante ipsum primis in faucibus orci luctus et ultrices posuere cubilia curae nulla dapibus dolor vel est donec odio justo sollicitudin ut suscipit a feugiat et eros vestibulum ac est lacinia nisi venenatis tristique fusce congue diam id ornare imperdiet sapien urna pretium nisl ut volutpat sapien arcu sed augue aliquam erat volutpat in congue etiam justo etiam pretium iaculis justo in hac habitasse platea dictumst etiam faucibus cursus urna ut', 'in magna bibendum imperdiet nullam orci pede venenatis non sodales', 'https://www.youtube.com/embed/gYuH4Ilqdhs', 3, 5);
insert into projects (id, name, photo, long_description, short_description, video, course_id, team_id) values (66, 'Ventosanzap', 'http://dummyimage.com/400x400.png/ff4444/ffffff', 'et eros vestibulum ac est lacinia nisi venenatis tristique fusce congue diam id ornare imperdiet sapien urna pretium nisl ut volutpat sapien arcu sed augue aliquam erat volutpat in congue etiam justo etiam pretium iaculis justo in hac habitasse platea dictumst etiam faucibus cursus urna ut tellus nulla ut erat id mauris vulputate elementum nullam varius nulla facilisi cras non velit nec nisi vulputate nonummy maecenas tincidunt lacus at velit vivamus vel nulla eget eros elementum pellentesque quisque porta volutpat erat quisque erat eros viverra eget congue eget semper rutrum nulla nunc purus phasellus in felis donec semper sapien a libero nam dui proin leo odio porttitor id consequat in consequat ut nulla sed accumsan felis ut at dolor quis odio consequat varius integer ac leo pellentesque ultrices mattis', 'vel ipsum praesent blandit lacinia erat', 'https://www.youtube.com/embed/gYuH4Ilqdhs', 4, 1);
insert into projects (id, name, photo, long_description, short_description, video, course_id, team_id) values (67, 'Voltsillam', 'http://dummyimage.com/400x400.png/ff4444/ffffff', 'nulla dapibus dolor vel est donec odio justo sollicitudin ut suscipit a feugiat et eros vestibulum ac est lacinia nisi venenatis tristique fusce congue diam id ornare imperdiet sapien urna pretium nisl ut volutpat sapien arcu sed augue aliquam erat volutpat in congue etiam justo etiam pretium iaculis justo in hac habitasse platea dictumst etiam faucibus cursus urna ut tellus nulla ut erat id mauris vulputate elementum nullam varius nulla facilisi cras non velit nec nisi vulputate nonummy maecenas tincidunt lacus at velit vivamus vel nulla eget eros elementum pellentesque quisque porta volutpat erat quisque erat eros viverra eget congue eget semper rutrum nulla nunc purus phasellus in felis donec semper sapien a libero nam dui proin leo odio porttitor id consequat in consequat ut nulla sed accumsan felis ut at dolor quis odio consequat varius integer ac leo pellentesque ultrices mattis odio donec vitae nisi nam ultrices libero non mattis pulvinar nulla pede ullamcorper augue a suscipit nulla elit ac nulla sed vel enim sit amet nunc viverra dapibus nulla suscipit ligula in lacus curabitur at ipsum ac tellus semper interdum mauris ullamcorper purus sit amet nulla quisque arcu', 'nisl ut volutpat sapien arcu sed augue aliquam erat volutpat', 'https://www.youtube.com/embed/gYuH4Ilqdhs', 4, 2);
insert into projects (id, name, photo, long_description, short_description, video, course_id, team_id) values (68, 'Cardguard', 'http://dummyimage.com/400x400.png/5fa2dd/ffffff', 'eget vulputate ut ultrices vel augue vestibulum ante ipsum primis in faucibus orci luctus et ultrices posuere cubilia curae donec pharetra magna vestibulum aliquet ultrices erat tortor sollicitudin mi sit amet lobortis sapien sapien non mi integer ac neque duis bibendum morbi non quam nec dui luctus rutrum nulla tellus in sagittis dui vel nisl duis ac nibh fusce lacus purus aliquet at feugiat non pretium quis lectus suspendisse potenti in eleifend quam a odio in hac habitasse platea dictumst maecenas ut massa quis augue luctus tincidunt nulla mollis molestie lorem quisque ut erat curabitur gravida nisi at nibh in hac habitasse platea dictumst aliquam augue quam sollicitudin vitae consectetuer eget rutrum at lorem integer tincidunt ante vel ipsum praesent blandit lacinia erat vestibulum sed magna at nunc commodo placerat praesent blandit nam nulla integer pede justo lacinia eget tincidunt eget tempus vel pede morbi porttitor lorem id ligula suspendisse ornare consequat lectus in est risus auctor sed tristique in tempus sit amet sem', 'tristique in tempus sit amet', 'https://www.youtube.com/embed/gYuH4Ilqdhs', 4, 3);
insert into projects (id, name, photo, long_description, short_description, video, course_id, team_id) values (69, 'Greenlam', 'http://dummyimage.com/400x400.png/ff4444/ffffff', 'integer aliquet massa id lobortis convallis tortor risus dapibus augue vel accumsan tellus nisi eu orci mauris lacinia sapien quis libero nullam sit amet turpis elementum ligula vehicula consequat morbi a ipsum integer a nibh in quis justo maecenas rhoncus aliquam lacus morbi quis tortor id nulla ultrices aliquet maecenas leo odio condimentum id luctus nec molestie sed justo pellentesque viverra pede ac diam cras pellentesque volutpat dui maecenas tristique est et tempus semper est quam pharetra magna ac consequat metus sapien ut nunc vestibulum ante ipsum primis in faucibus orci luctus et ultrices posuere cubilia curae mauris viverra diam vitae quam suspendisse potenti nullam porttitor lacus at turpis donec', 'massa id lobortis convallis tortor risus dapibus augue', 'https://www.youtube.com/embed/gYuH4Ilqdhs', 4, 4);
insert into projects (id, name, photo, long_description, short_description, video, course_id, team_id) values (70, 'Solarbreeze', 'http://dummyimage.com/400x400.png/dddddd/000000', 'a feugiat et eros vestibulum ac est lacinia nisi venenatis tristique fusce congue diam id ornare imperdiet sapien urna pretium nisl ut volutpat sapien arcu sed augue aliquam erat volutpat in congue etiam justo etiam pretium iaculis justo in hac habitasse platea dictumst etiam faucibus cursus urna ut tellus nulla ut erat id mauris vulputate elementum nullam varius nulla facilisi cras non velit nec nisi vulputate nonummy maecenas', 'amet diam in magna bibendum imperdiet', 'https://www.youtube.com/embed/gYuH4Ilqdhs', 4, 5);
insert into projects (id, name, photo, long_description, short_description, video, course_id, team_id) values (71, 'It', 'http://dummyimage.com/400x400.png/ff4444/ffffff', 'sapien dignissim vestibulum vestibulum ante ipsum primis in faucibus orci luctus et ultrices posuere cubilia curae nulla dapibus dolor vel est donec odio justo sollicitudin ut suscipit a feugiat et eros vestibulum ac est lacinia nisi venenatis tristique fusce congue diam id ornare imperdiet sapien urna pretium nisl ut volutpat', 'nisi nam ultrices libero non mattis pulvinar nulla pede ullamcorper', 'https://www.youtube.com/embed/gYuH4Ilqdhs', 5, 1);
insert into projects (id, name, photo, long_description, short_description, video, course_id, team_id) values (72, 'Viva', 'http://dummyimage.com/400x400.png/dddddd/000000', 'curabitur gravida nisi at nibh in hac habitasse platea dictumst aliquam augue quam sollicitudin vitae consectetuer eget rutrum at lorem integer tincidunt ante vel ipsum praesent blandit lacinia erat vestibulum sed magna at nunc commodo placerat praesent blandit nam nulla integer pede justo lacinia eget tincidunt eget tempus vel pede morbi porttitor lorem id ligula suspendisse ornare consequat lectus in est risus auctor sed tristique in tempus sit amet sem fusce consequat nulla nisl nunc nisl duis bibendum felis sed interdum venenatis turpis enim blandit mi in porttitor pede justo eu massa donec dapibus duis at velit eu est congue elementum in hac habitasse platea dictumst morbi vestibulum velit id pretium iaculis diam erat fermentum justo nec condimentum neque sapien placerat ante nulla justo aliquam quis turpis eget elit sodales scelerisque mauris sit amet eros suspendisse accumsan tortor quis turpis sed ante', 'consectetuer eget rutrum at lorem', 'https://www.youtube.com/embed/gYuH4Ilqdhs', 5, 2);
insert into projects (id, name, photo, long_description, short_description, video, course_id, team_id) values (73, 'Tresom', 'http://dummyimage.com/400x400.png/5fa2dd/ffffff', 'eros suspendisse accumsan tortor quis turpis sed ante vivamus tortor duis mattis egestas metus aenean fermentum donec ut mauris eget massa tempor convallis nulla neque libero convallis eget', 'pede justo lacinia eget tincidunt eget', 'https://www.youtube.com/embed/gYuH4Ilqdhs', 5, 3);
insert into projects (id, name, photo, long_description, short_description, video, course_id, team_id) values (74, 'Biodex', 'http://dummyimage.com/400x400.png/dddddd/000000', 'facilisi cras non velit nec nisi vulputate nonummy maecenas tincidunt lacus at velit vivamus vel nulla eget eros elementum pellentesque quisque porta volutpat erat quisque erat eros viverra eget congue eget semper rutrum nulla nunc purus phasellus in felis donec semper sapien a libero nam dui proin leo odio porttitor id consequat in consequat', 'gravida sem praesent id massa id nisl venenatis lacinia', 'https://www.youtube.com/embed/gYuH4Ilqdhs', 5, 4);
insert into projects (id, name, photo, long_description, short_description, video, course_id, team_id) values (75, 'Subin', 'http://dummyimage.com/400x400.png/dddddd/000000', 'justo lacinia eget tincidunt eget tempus vel pede morbi porttitor lorem id ligula suspendisse ornare consequat lectus in est risus auctor sed tristique in tempus sit amet sem fusce consequat nulla nisl nunc nisl duis bibendum felis sed interdum venenatis turpis enim blandit mi in porttitor pede justo eu massa donec dapibus duis at velit eu est congue elementum in hac habitasse platea dictumst morbi vestibulum velit id pretium iaculis diam erat fermentum justo nec condimentum neque sapien placerat ante nulla justo aliquam quis turpis eget elit sodales scelerisque mauris sit amet eros suspendisse accumsan tortor quis turpis sed ante vivamus tortor duis mattis egestas metus aenean fermentum donec ut mauris eget massa tempor convallis nulla neque libero convallis eget eleifend luctus ultricies eu nibh quisque id justo sit amet sapien dignissim vestibulum vestibulum ante ipsum primis in faucibus orci luctus et ultrices posuere cubilia curae nulla dapibus dolor vel est donec odio justo sollicitudin ut suscipit a feugiat et eros vestibulum ac est lacinia nisi venenatis tristique', 'dapibus nulla suscipit ligula in lacus curabitur at ipsum ac', 'https://www.youtube.com/embed/gYuH4Ilqdhs', 5, 5);
insert into projects (id, name, photo, long_description, short_description, video, course_id, team_id) values (76, 'Lotlux', 'http://dummyimage.com/400x400.png/5fa2dd/ffffff', 'sit amet sapien dignissim vestibulum vestibulum ante ipsum primis in faucibus orci luctus et ultrices posuere cubilia curae nulla dapibus dolor vel est donec odio justo sollicitudin ut suscipit a feugiat et eros vestibulum ac est lacinia nisi venenatis tristique fusce congue diam id', 'dapibus at diam nam tristique tortor eu pede', 'https://www.youtube.com/embed/gYuH4Ilqdhs', 1, 1);
insert into projects (id, name, photo, long_description, short_description, video, course_id, team_id) values (77, 'Vagram', 'http://dummyimage.com/400x400.png/cc0000/ffffff', 'dictumst morbi vestibulum velit id pretium iaculis diam erat fermentum justo nec condimentum neque sapien placerat ante nulla justo aliquam quis turpis eget elit sodales scelerisque mauris sit amet eros suspendisse accumsan tortor quis turpis sed ante vivamus tortor duis mattis egestas metus aenean fermentum donec ut mauris eget massa tempor convallis nulla neque libero convallis eget eleifend luctus ultricies eu nibh quisque id justo sit amet sapien dignissim vestibulum vestibulum ante ipsum primis in faucibus orci luctus et ultrices posuere cubilia curae nulla dapibus dolor vel est donec odio justo sollicitudin ut suscipit a feugiat et eros vestibulum ac est lacinia nisi venenatis tristique fusce congue diam id ornare imperdiet sapien urna pretium nisl ut volutpat sapien arcu sed', 'lobortis vel dapibus at diam nam', 'https://www.youtube.com/embed/gYuH4Ilqdhs', 1, 2);
insert into projects (id, name, photo, long_description, short_description, video, course_id, team_id) values (78, 'Bytecard', 'http://dummyimage.com/400x400.png/dddddd/000000', 'posuere felis sed lacus morbi sem mauris laoreet ut rhoncus aliquet pulvinar sed nisl nunc rhoncus dui vel sem sed sagittis nam congue risus semper porta volutpat quam pede lobortis ligula sit amet eleifend pede libero quis orci nullam molestie nibh in lectus pellentesque at nulla suspendisse potenti cras in purus eu magna vulputate luctus cum sociis natoque penatibus et magnis dis parturient montes nascetur ridiculus mus vivamus vestibulum sagittis sapien cum sociis natoque penatibus et magnis dis parturient montes nascetur ridiculus mus etiam vel augue vestibulum rutrum rutrum neque aenean auctor gravida sem praesent id massa id', 'eros elementum pellentesque quisque porta volutpat erat', 'https://www.youtube.com/embed/gYuH4Ilqdhs', 1, 3);
insert into projects (id, name, photo, long_description, short_description, video, course_id, team_id) values (79, 'Asoka', 'http://dummyimage.com/400x400.png/dddddd/000000', 'amet lobortis sapien sapien non mi integer ac neque duis bibendum morbi non quam nec dui luctus rutrum nulla tellus in sagittis dui vel nisl duis ac nibh fusce lacus purus aliquet at feugiat non pretium quis lectus suspendisse potenti in eleifend quam a odio in hac habitasse platea dictumst maecenas ut massa quis augue luctus tincidunt nulla mollis molestie lorem quisque ut erat curabitur gravida nisi at nibh in hac habitasse platea dictumst aliquam augue quam sollicitudin vitae consectetuer eget rutrum at lorem integer tincidunt ante vel ipsum', 'vulputate elementum nullam varius nulla facilisi cras non velit', 'https://www.youtube.com/embed/gYuH4Ilqdhs', 1, 4);
insert into projects (id, name, photo, long_description, short_description, video, course_id, team_id) values (80, 'Tampflex', 'http://dummyimage.com/400x400.png/dddddd/000000', 'sem duis aliquam convallis nunc proin at turpis a pede posuere nonummy integer non velit donec diam neque vestibulum eget vulputate ut ultrices vel augue vestibulum ante ipsum primis in faucibus orci luctus et ultrices posuere cubilia curae donec pharetra magna vestibulum aliquet ultrices erat tortor sollicitudin mi sit amet lobortis sapien sapien non mi integer ac neque duis bibendum morbi non quam nec dui luctus rutrum nulla tellus in sagittis dui vel nisl duis ac nibh fusce lacus', 'sagittis nam congue risus semper porta volutpat quam pede lobortis', 'https://www.youtube.com/embed/gYuH4Ilqdhs', 1, 5);
insert into projects (id, name, photo, long_description, short_description, video, course_id, team_id) values (81, 'Flexidy', 'http://dummyimage.com/400x400.png/dddddd/000000', 'magna at nunc commodo placerat praesent blandit nam nulla integer pede justo lacinia eget tincidunt eget tempus vel pede morbi porttitor lorem id ligula suspendisse ornare consequat lectus in est risus auctor sed tristique in tempus sit amet sem fusce consequat nulla nisl nunc nisl duis bibendum felis sed interdum venenatis turpis enim blandit mi in porttitor pede justo eu massa donec dapibus duis at velit eu est congue elementum in hac habitasse platea dictumst morbi vestibulum velit id pretium iaculis diam erat fermentum justo nec condimentum neque sapien placerat ante nulla justo aliquam quis turpis eget elit sodales scelerisque mauris sit amet eros suspendisse accumsan tortor quis turpis sed ante vivamus tortor duis mattis egestas metus aenean fermentum donec ut mauris eget massa tempor convallis nulla neque libero convallis eget eleifend luctus ultricies eu nibh quisque id justo sit amet sapien dignissim vestibulum vestibulum ante ipsum primis in faucibus orci luctus et ultrices posuere cubilia curae nulla dapibus dolor vel est donec odio justo sollicitudin ut suscipit a feugiat et eros vestibulum ac est lacinia nisi venenatis tristique fusce congue diam id', 'sodales sed tincidunt eu felis fusce', 'https://www.youtube.com/embed/gYuH4Ilqdhs', 2, 1);
insert into projects (id, name, photo, long_description, short_description, video, course_id, team_id) values (82, 'Tempsoft', 'http://dummyimage.com/400x400.png/5fa2dd/ffffff', 'lacinia aenean sit amet justo morbi ut odio cras mi pede malesuada in imperdiet et commodo vulputate justo in blandit ultrices enim lorem ipsum dolor sit amet consectetuer adipiscing elit proin interdum mauris non ligula pellentesque ultrices phasellus id sapien in sapien iaculis congue vivamus metus arcu adipiscing molestie hendrerit at vulputate vitae nisl aenean lectus pellentesque eget nunc donec quis orci eget orci vehicula condimentum curabitur in libero ut massa volutpat convallis morbi odio odio elementum eu interdum eu tincidunt in leo maecenas pulvinar lobortis est phasellus sit amet erat nulla tempus vivamus in felis eu sapien cursus vestibulum proin eu mi nulla ac enim in tempor turpis nec euismod scelerisque quam turpis adipiscing lorem vitae mattis nibh ligula nec sem duis aliquam convallis nunc proin at turpis a pede posuere nonummy integer non velit donec diam neque vestibulum eget vulputate ut ultrices vel augue vestibulum ante ipsum primis in faucibus orci luctus et ultrices posuere cubilia curae donec pharetra magna vestibulum aliquet ultrices erat tortor sollicitudin mi sit amet lobortis sapien sapien non mi integer ac neque duis bibendum morbi non quam nec dui luctus rutrum nulla tellus in sagittis dui vel', 'sed augue aliquam erat volutpat', 'https://www.youtube.com/embed/gYuH4Ilqdhs', 2, 2);
insert into projects (id, name, photo, long_description, short_description, video, course_id, team_id) values (83, 'Flowdesk', 'http://dummyimage.com/400x400.png/ff4444/ffffff', 'platea dictumst morbi vestibulum velit id pretium iaculis diam erat fermentum justo nec condimentum neque sapien placerat ante nulla justo aliquam quis turpis eget elit sodales scelerisque mauris sit amet eros suspendisse accumsan tortor quis turpis sed ante vivamus tortor duis mattis egestas metus aenean fermentum donec ut mauris eget massa tempor convallis nulla neque libero convallis eget eleifend luctus ultricies eu nibh quisque id justo sit amet sapien dignissim vestibulum vestibulum ante ipsum primis in faucibus orci luctus et ultrices posuere cubilia curae nulla dapibus dolor vel est donec odio justo sollicitudin ut suscipit a', 'faucibus accumsan odio curabitur convallis duis consequat dui', 'https://www.youtube.com/embed/gYuH4Ilqdhs', 2, 3);
insert into projects (id, name, photo, long_description, short_description, video, course_id, team_id) values (84, 'Keylex', 'http://dummyimage.com/400x400.png/dddddd/000000', 'in eleifend quam a odio in hac habitasse platea dictumst maecenas ut massa quis augue luctus tincidunt nulla mollis molestie lorem quisque ut erat curabitur gravida nisi at nibh in hac habitasse platea dictumst aliquam augue quam sollicitudin vitae consectetuer eget rutrum at lorem integer tincidunt ante vel ipsum praesent blandit lacinia erat vestibulum sed magna at nunc commodo placerat praesent blandit nam nulla integer pede justo lacinia eget tincidunt eget tempus vel pede morbi porttitor lorem id ligula suspendisse ornare consequat lectus in est risus auctor sed tristique in tempus sit amet sem fusce consequat nulla nisl nunc nisl duis bibendum felis sed interdum venenatis turpis enim blandit mi in porttitor pede justo eu massa donec dapibus duis at velit eu est congue elementum in hac habitasse platea dictumst morbi vestibulum velit id pretium iaculis diam erat fermentum justo nec condimentum neque sapien placerat ante nulla justo aliquam quis turpis eget elit sodales scelerisque mauris sit amet eros suspendisse accumsan', 'est phasellus sit', 'https://www.youtube.com/embed/gYuH4Ilqdhs', 2, 4);
insert into projects (id, name, photo, long_description, short_description, video, course_id, team_id) values (85, 'Sub-Ex', 'http://dummyimage.com/400x400.png/dddddd/000000', 'lobortis sapien sapien non mi integer ac neque duis bibendum morbi non quam nec dui luctus rutrum nulla tellus in sagittis dui vel nisl duis ac nibh fusce lacus purus aliquet at feugiat non pretium quis lectus suspendisse potenti in eleifend quam a odio in hac habitasse platea dictumst maecenas ut massa quis augue luctus tincidunt nulla mollis molestie lorem quisque ut erat curabitur gravida nisi at nibh in hac habitasse platea dictumst aliquam augue quam sollicitudin vitae consectetuer eget rutrum at lorem integer tincidunt ante vel ipsum praesent blandit lacinia erat vestibulum sed magna at nunc commodo placerat praesent blandit nam nulla integer pede justo lacinia eget tincidunt eget tempus vel pede morbi porttitor lorem id ligula suspendisse ornare consequat lectus in est risus auctor sed tristique in tempus sit amet sem fusce consequat nulla nisl nunc nisl duis bibendum felis sed interdum venenatis turpis enim blandit mi in porttitor pede justo eu massa donec dapibus duis at velit eu est congue elementum in hac habitasse platea dictumst morbi vestibulum velit', 'ligula pellentesque ultrices phasellus', 'https://www.youtube.com/embed/gYuH4Ilqdhs', 2, 5);
insert into projects (id, name, photo, long_description, short_description, video, course_id, team_id) values (86, 'Hatity', 'http://dummyimage.com/400x400.png/ff4444/ffffff', 'consectetuer adipiscing elit proin risus praesent lectus vestibulum quam sapien varius ut blandit non interdum in ante vestibulum ante ipsum primis in faucibus orci luctus et ultrices posuere cubilia curae duis faucibus accumsan odio curabitur convallis duis consequat dui nec nisi volutpat eleifend donec ut dolor', 'nisl aenean lectus pellentesque eget nunc', 'https://www.youtube.com/embed/gYuH4Ilqdhs', 3, 1);
insert into projects (id, name, photo, long_description, short_description, video, course_id, team_id) values (87, 'Toughjoyfax', 'http://dummyimage.com/400x400.png/cc0000/ffffff', 'nunc rhoncus dui vel sem sed sagittis nam congue risus semper porta volutpat quam pede lobortis ligula sit amet eleifend pede libero quis orci nullam molestie nibh in lectus pellentesque at nulla suspendisse potenti cras in purus eu magna vulputate luctus cum sociis natoque penatibus et magnis dis parturient montes nascetur ridiculus mus vivamus vestibulum sagittis sapien cum sociis natoque penatibus et magnis dis parturient montes nascetur ridiculus mus etiam vel augue vestibulum rutrum rutrum neque aenean auctor gravida sem praesent id massa id nisl venenatis lacinia aenean sit amet justo morbi ut odio cras mi pede malesuada in imperdiet et commodo vulputate justo in blandit ultrices enim lorem ipsum dolor sit amet consectetuer adipiscing elit proin interdum mauris non ligula pellentesque ultrices phasellus id sapien in sapien iaculis congue vivamus metus arcu adipiscing molestie hendrerit at vulputate vitae nisl aenean lectus pellentesque eget nunc donec quis orci eget orci vehicula condimentum curabitur in libero ut massa volutpat convallis morbi odio odio elementum eu interdum eu', 'massa id nisl venenatis lacinia aenean sit amet justo', 'https://www.youtube.com/embed/gYuH4Ilqdhs', 3, 2);
insert into projects (id, name, photo, long_description, short_description, video, course_id, team_id) values (88, 'Aerified', 'http://dummyimage.com/400x400.png/5fa2dd/ffffff', 'tellus nisi eu orci mauris lacinia sapien quis libero nullam sit amet turpis elementum ligula vehicula consequat morbi a ipsum integer a nibh in quis justo maecenas rhoncus aliquam lacus morbi quis tortor id nulla ultrices aliquet maecenas leo odio condimentum id luctus nec molestie sed justo pellentesque viverra pede ac diam cras pellentesque volutpat dui maecenas tristique est et tempus semper est quam pharetra magna ac consequat metus sapien ut nunc vestibulum ante ipsum primis in faucibus orci luctus et ultrices posuere cubilia curae mauris viverra diam vitae quam suspendisse potenti nullam porttitor lacus at turpis donec posuere metus vitae ipsum aliquam non mauris morbi non lectus aliquam sit amet diam in magna bibendum imperdiet nullam orci pede venenatis non sodales sed tincidunt eu felis fusce posuere felis sed lacus morbi sem mauris laoreet ut rhoncus aliquet pulvinar sed nisl nunc rhoncus dui vel sem sed sagittis nam congue risus semper porta volutpat quam pede lobortis ligula sit amet eleifend pede libero quis orci nullam molestie nibh in lectus pellentesque at nulla suspendisse potenti cras in purus eu magna vulputate luctus cum sociis', 'ante ipsum primis', 'https://www.youtube.com/embed/gYuH4Ilqdhs', 3, 3);
insert into projects (id, name, photo, long_description, short_description, video, course_id, team_id) values (89, 'Opela', 'http://dummyimage.com/400x400.png/5fa2dd/ffffff', 'duis mattis egestas metus aenean fermentum donec ut mauris eget massa tempor convallis nulla neque libero convallis eget eleifend luctus ultricies eu nibh quisque id justo sit amet sapien dignissim vestibulum vestibulum ante ipsum primis in faucibus orci luctus et ultrices posuere cubilia curae nulla dapibus dolor vel est donec odio justo sollicitudin ut suscipit a feugiat et eros vestibulum ac est lacinia nisi venenatis tristique fusce congue diam id ornare imperdiet sapien urna pretium nisl ut volutpat sapien arcu sed augue aliquam erat volutpat in congue etiam justo etiam pretium iaculis justo in hac', 'dictumst aliquam augue quam sollicitudin vitae consectetuer eget', 'https://www.youtube.com/embed/gYuH4Ilqdhs', 3, 4);
insert into projects (id, name, photo, long_description, short_description, video, course_id, team_id) values (90, 'Alpha', 'http://dummyimage.com/400x400.png/5fa2dd/ffffff', 'est congue elementum in hac habitasse platea dictumst morbi vestibulum velit id pretium iaculis diam erat fermentum justo nec condimentum neque sapien placerat ante nulla justo aliquam quis turpis eget elit sodales scelerisque mauris sit amet eros suspendisse accumsan tortor quis turpis sed ante vivamus tortor duis mattis egestas metus aenean fermentum donec ut mauris eget massa tempor convallis nulla neque libero convallis eget eleifend luctus ultricies eu nibh quisque id justo sit amet', 'risus semper porta volutpat quam pede', 'https://www.youtube.com/embed/gYuH4Ilqdhs', 3, 5);
insert into projects (id, name, photo, long_description, short_description, video, course_id, team_id) values (91, 'Latlux', 'http://dummyimage.com/400x400.png/cc0000/ffffff', 'aliquam augue quam sollicitudin vitae consectetuer eget rutrum at lorem integer tincidunt ante vel ipsum praesent blandit lacinia erat vestibulum sed magna at nunc commodo placerat praesent blandit nam nulla integer pede justo lacinia eget tincidunt eget tempus vel pede morbi porttitor lorem id ligula suspendisse ornare consequat lectus in est risus auctor sed tristique in tempus sit amet sem fusce', 'porta volutpat erat', 'https://www.youtube.com/embed/gYuH4Ilqdhs', 4, 1);
insert into projects (id, name, photo, long_description, short_description, video, course_id, team_id) values (92, 'Lotlux', 'http://dummyimage.com/400x400.png/ff4444/ffffff', 'nam dui proin leo odio porttitor id consequat in consequat ut nulla sed accumsan felis ut at dolor quis odio consequat varius integer ac leo pellentesque ultrices mattis odio donec vitae nisi nam ultrices libero non mattis pulvinar nulla pede ullamcorper augue a suscipit nulla elit ac nulla sed vel enim sit amet', 'nisl ut volutpat sapien arcu sed augue aliquam', 'https://www.youtube.com/embed/gYuH4Ilqdhs', 4, 2);
insert into projects (id, name, photo, long_description, short_description, video, course_id, team_id) values (93, 'Viva', 'http://dummyimage.com/400x400.png/cc0000/ffffff', 'nulla tempus vivamus in felis eu sapien cursus vestibulum proin eu mi nulla ac enim in tempor turpis nec euismod scelerisque quam turpis adipiscing lorem vitae mattis nibh ligula nec sem duis aliquam convallis nunc proin at turpis a pede posuere nonummy integer non velit donec diam neque vestibulum eget vulputate ut ultrices vel augue vestibulum ante ipsum primis in faucibus orci luctus et ultrices posuere cubilia curae donec pharetra magna vestibulum aliquet ultrices erat tortor sollicitudin mi sit amet lobortis sapien sapien non mi integer ac neque duis bibendum morbi non quam nec dui luctus rutrum nulla tellus in sagittis dui vel nisl duis ac nibh fusce lacus purus aliquet at feugiat non pretium quis lectus suspendisse potenti in eleifend quam a odio in hac habitasse platea dictumst maecenas ut massa quis augue luctus tincidunt nulla mollis', 'integer non velit donec diam neque vestibulum eget vulputate', 'https://www.youtube.com/embed/gYuH4Ilqdhs', 4, 3);
insert into projects (id, name, photo, long_description, short_description, video, course_id, team_id) values (94, 'Alpha', 'http://dummyimage.com/400x400.png/5fa2dd/ffffff', 'ac neque duis bibendum morbi non quam nec dui luctus rutrum nulla tellus in sagittis dui vel nisl duis ac nibh fusce lacus purus aliquet at feugiat non pretium quis lectus suspendisse potenti in eleifend quam a odio in hac habitasse platea dictumst maecenas ut massa quis augue luctus tincidunt nulla mollis molestie lorem quisque ut erat curabitur gravida nisi at nibh in hac habitasse platea dictumst aliquam augue quam sollicitudin vitae consectetuer eget rutrum at lorem integer tincidunt ante vel ipsum praesent blandit', 'velit vivamus vel nulla', 'https://www.youtube.com/embed/gYuH4Ilqdhs', 4, 4);
insert into projects (id, name, photo, long_description, short_description, video, course_id, team_id) values (95, 'Bamity', 'http://dummyimage.com/400x400.png/dddddd/000000', 'curae duis faucibus accumsan odio curabitur convallis duis consequat dui nec nisi volutpat eleifend donec ut dolor morbi vel lectus in quam fringilla rhoncus mauris enim leo rhoncus sed vestibulum sit amet cursus id turpis integer aliquet massa id lobortis convallis tortor risus dapibus augue vel accumsan tellus nisi eu orci mauris lacinia sapien quis libero nullam sit amet turpis elementum ligula vehicula consequat morbi a ipsum integer a nibh in quis justo maecenas rhoncus aliquam lacus morbi quis tortor id nulla ultrices aliquet maecenas leo odio', 'non velit nec nisi vulputate nonummy maecenas tincidunt lacus at', 'https://www.youtube.com/embed/gYuH4Ilqdhs', 4, 5);
insert into projects (id, name, photo, long_description, short_description, video, course_id, team_id) values (96, 'Latlux', 'http://dummyimage.com/400x400.png/cc0000/ffffff', 'dui vel nisl duis ac nibh fusce lacus purus aliquet at feugiat non pretium quis lectus suspendisse potenti in eleifend quam a odio in hac habitasse platea dictumst maecenas ut massa quis augue luctus tincidunt nulla mollis molestie lorem quisque ut erat curabitur gravida nisi at nibh in hac habitasse platea dictumst aliquam augue quam sollicitudin vitae consectetuer eget rutrum at lorem integer tincidunt ante vel ipsum praesent blandit lacinia erat vestibulum sed magna at nunc commodo placerat praesent blandit nam nulla integer pede justo lacinia eget tincidunt eget tempus vel pede morbi porttitor lorem id ligula suspendisse ornare consequat lectus in est risus auctor sed tristique in', 'risus dapibus augue vel accumsan', 'https://www.youtube.com/embed/gYuH4Ilqdhs', 5, 1);
insert into projects (id, name, photo, long_description, short_description, video, course_id, team_id) values (97, 'Aerified', 'http://dummyimage.com/400x400.png/5fa2dd/ffffff', 'in purus eu magna vulputate luctus cum sociis natoque penatibus et magnis dis parturient montes nascetur ridiculus mus vivamus vestibulum sagittis sapien cum sociis natoque penatibus et magnis dis parturient montes nascetur ridiculus mus etiam vel augue vestibulum rutrum rutrum neque aenean', 'massa volutpat convallis morbi odio odio elementum', 'https://www.youtube.com/embed/gYuH4Ilqdhs', 5, 2);
insert into projects (id, name, photo, long_description, short_description, video, course_id, team_id) values (98, 'Bitwolf', 'http://dummyimage.com/400x400.png/5fa2dd/ffffff', 'vestibulum velit id pretium iaculis diam erat fermentum justo nec condimentum neque sapien placerat ante nulla justo aliquam quis turpis eget elit sodales scelerisque mauris sit amet eros suspendisse accumsan tortor quis turpis sed ante vivamus tortor duis mattis egestas metus aenean fermentum donec ut mauris eget massa tempor convallis nulla neque libero convallis eget eleifend luctus ultricies eu nibh quisque id justo sit amet sapien dignissim vestibulum vestibulum ante ipsum primis in faucibus orci luctus et ultrices posuere cubilia curae nulla dapibus dolor vel est donec odio justo sollicitudin ut suscipit a feugiat et eros vestibulum ac est lacinia nisi venenatis tristique fusce congue diam id ornare imperdiet sapien urna pretium nisl', 'duis bibendum felis sed interdum', 'https://www.youtube.com/embed/gYuH4Ilqdhs', 5, 3);
insert into projects (id, name, photo, long_description, short_description, video, course_id, team_id) values (99, 'Fixflex', 'http://dummyimage.com/400x400.png/ff4444/ffffff', 'luctus et ultrices posuere cubilia curae mauris viverra diam vitae quam suspendisse potenti nullam porttitor lacus at turpis donec posuere metus vitae ipsum aliquam non mauris morbi non lectus aliquam sit amet diam in magna bibendum imperdiet nullam orci pede venenatis non sodales sed tincidunt eu felis fusce posuere felis sed lacus morbi sem mauris laoreet ut rhoncus aliquet pulvinar sed nisl nunc rhoncus dui vel sem sed sagittis nam congue risus semper porta volutpat quam pede lobortis ligula sit amet eleifend pede libero quis orci nullam molestie nibh in lectus pellentesque at nulla suspendisse potenti cras in purus eu magna vulputate luctus cum sociis natoque penatibus et magnis dis parturient montes nascetur ridiculus mus vivamus vestibulum sagittis sapien cum sociis natoque penatibus et magnis dis parturient montes nascetur ridiculus mus etiam vel augue vestibulum rutrum rutrum', 'et magnis dis parturient', 'https://www.youtube.com/embed/gYuH4Ilqdhs', 5, 4);
insert into projects (id, name, photo, long_description, short_description, video, course_id, team_id) values (100, 'Duobam', 'http://dummyimage.com/400x400.png/dddddd/000000', 'libero nullam sit amet turpis elementum ligula vehicula consequat morbi a ipsum integer a nibh in quis justo maecenas rhoncus aliquam lacus morbi quis tortor id nulla ultrices aliquet maecenas leo odio condimentum id luctus nec molestie sed justo pellentesque viverra pede ac diam cras pellentesque volutpat dui maecenas tristique est et tempus semper est quam pharetra magna ac consequat metus sapien ut nunc vestibulum ante ipsum primis in faucibus orci luctus et ultrices posuere cubilia curae mauris viverra diam vitae quam suspendisse potenti nullam porttitor lacus', 'nam congue risus semper porta volutpat', 'https://www.youtube.com/embed/gYuH4Ilqdhs', 5, 5);

-- tags
insert into tags (name, type) values ('Dog Training', 2);
insert into tags (name, type) values ('TNCC Instruction', 2);
insert into tags (name, type) values ('Microsoft Project', 2);
insert into tags (name, type) values ('Private Events', 2);
insert into tags (name, type) values ('OGC Gateway Reviews', 2);
insert into tags (name, type) values ('DDI Certified', 2);
insert into tags (name, type) values ('Emerging Markets', 2);
insert into tags (name, type) values ('XPAC', 2);
insert into tags (name, type) values ('HP Server Hardware', 2);
insert into tags (name, type) values ('QLab', 2);
insert into tags (name, type) values ('BTL Activations', 2);
insert into tags (name, type) values ('Layout', 2);
insert into tags (name, type) values ('MSBuild', 2);
insert into tags (name, type) values ('GUI development', 2);
insert into tags (name, type) values ('Due Diligence', 2);
insert into tags (name, type) values ('Data Collection', 2);
insert into tags (name, type) values ('SBT', 2);
insert into tags (name, type) values ('TDMA', 2);
insert into tags (name, type) values ('Nanoparticles', 2);
insert into tags (name, type) values ('FTSE 200', 2);
insert into tags (name, type) values ('Education', 2);
insert into tags (name, type) values ('Budgeting', 2);
insert into tags (name, type) values ('VSA', 2);
insert into tags (name, type) values ('RF Planning', 2);
insert into tags (name, type) values ('HR Metrics', 2);
insert into tags (name, type) values ('Mutual Funds', 2);
insert into tags (name, type) values ('PK', 2);
insert into tags (name, type) values ('Art History', 2);
insert into tags (name, type) values ('Ukulele', 2);
insert into tags (name, type) values ('Document Management', 2);
insert into tags (name, type) values ('Vessel Operations', 2);
insert into tags (name, type) values ('JDK', 2);
insert into tags (name, type) values ('Hydropower', 2);
insert into tags (name, type) values ('QSAR', 2);
insert into tags (name, type) values ('RV', 2);
insert into tags (name, type) values ('Floor Plans', 2);
insert into tags (name, type) values ('Program Development', 2);
insert into tags (name, type) values ('Hospitality Management', 2);
insert into tags (name, type) values ('Leave of Absence', 2);
insert into tags (name, type) values ('Eclipse CDT', 2);
insert into tags (name, type) values ('Circuit Design', 2);
insert into tags (name, type) values ('HR Solutions', 2);
insert into tags (name, type) values ('Surgery', 2);
insert into tags (name, type) values ('Yammer', 2);
insert into tags (name, type) values ('Eyewear', 2);
insert into tags (name, type) values ('NPIV', 2);
insert into tags (name, type) values ('Web Typography', 2);
insert into tags (name, type) values ('UGS', 2);
insert into tags (name, type) values ('OSGi', 2);
insert into tags (name, type) values ('Nagios', 2);
insert into tags (name, type) values ('SBEM', 2);
insert into tags (name, type) values ('Navisworks', 2);
insert into tags (name, type) values ('DDR3', 2);
insert into tags (name, type) values ('Time &amp; Attendance', 2);
insert into tags (name, type) values ('Snoring', 2);
insert into tags (name, type) values ('IT Service Management', 2);
insert into tags (name, type) values ('CCDP', 2);
insert into tags (name, type) values ('TJC', 2);
insert into tags (name, type) values ('Skin Care Products', 2);
insert into tags (name, type) values ('SNP genotyping', 2);
insert into tags (name, type) values ('Cognitive Psychology', 2);
insert into tags (name, type) values ('Pressure Vessels', 2);
insert into tags (name, type) values ('SI', 2);
insert into tags (name, type) values ('VST', 2);
insert into tags (name, type) values ('Bash', 2);
insert into tags (name, type) values ('NGOSS', 2);
insert into tags (name, type) values ('SDSF', 2);
insert into tags (name, type) values ('IELTS', 2);
insert into tags (name, type) values ('Youth Ministry', 2);
insert into tags (name, type) values ('GIS Application', 2);
insert into tags (name, type) values ('Cyberlaw', 2);
insert into tags (name, type) values ('SGW', 2);
insert into tags (name, type) values ('Gynecology', 2);
insert into tags (name, type) values ('VB.NET', 2);
insert into tags (name, type) values ('Guided Tours', 2);
insert into tags (name, type) values ('GTK+', 2);
insert into tags (name, type) values ('Bloomberg Terminal', 2);
insert into tags (name, type) values ('ISO 23485', 2);
insert into tags (name, type) values ('Blogging', 2);
insert into tags (name, type) values ('XPlanner', 2);
insert into tags (name, type) values ('Basel III', 2);
insert into tags (name, type) values ('HSM', 2);
insert into tags (name, type) values ('OMA', 2);
insert into tags (name, type) values ('TCLEOSE Instruction', 2);
insert into tags (name, type) values ('Customer Insight', 2);
insert into tags (name, type) values ('DXL', 2);
insert into tags (name, type) values ('Nokia Qt', 2);
insert into tags (name, type) values ('Molecular Biology', 2);
insert into tags (name, type) values ('HMO', 2);
insert into tags (name, type) values ('GLP', 2);
insert into tags (name, type) values ('Volunteer Management', 2);
insert into tags (name, type) values ('CFK', 2);
insert into tags (name, type) values ('SSP', 2);
insert into tags (name, type) values ('MPLS VPN', 2);
insert into tags (name, type) values ('FTC', 2);
insert into tags (name, type) values ('Google Analytics', 2);
insert into tags (name, type) values ('ZK', 2);
insert into tags (name, type) values ('Nastran', 2);
insert into tags (name, type) values ('WAN', 2);
insert into tags (name, type) values ('Product Launch', 2);
insert into tags (name, type) values ('Twitterlist', 1);
insert into tags (name, type) values ('Twitterbridge', 1);
insert into tags (name, type) values ('Realmix', 1);
insert into tags (name, type) values ('Quimba', 1);
insert into tags (name, type) values ('Meembee', 1);
insert into tags (name, type) values ('Quinu', 1);
insert into tags (name, type) values ('Aimbo', 1);
insert into tags (name, type) values ('Babbleset', 1);
insert into tags (name, type) values ('Geba', 1);
insert into tags (name, type) values ('Zoonder', 1);
insert into tags (name, type) values ('Eayo', 1);
insert into tags (name, type) values ('Eadel', 1);
insert into tags (name, type) values ('Browsecat', 1);
insert into tags (name, type) values ('Trilia', 1);
insert into tags (name, type) values ('Kwilith', 1);
insert into tags (name, type) values ('Vipe', 1);
insert into tags (name, type) values ('Demivee', 1);
insert into tags (name, type) values ('Roomm', 1);
insert into tags (name, type) values ('Kamba', 1);
insert into tags (name, type) values ('Jatri', 1);
insert into tags (name, type) values ('Tagcat', 1);
insert into tags (name, type) values ('Wordpedia', 1);
insert into tags (name, type) values ('Realcube', 1);
insert into tags (name, type) values ('Twinte', 1);
insert into tags (name, type) values ('Twitterlist', 1);
insert into tags (name, type) values ('Wikido', 1);
insert into tags (name, type) values ('Jabberstorm', 1);
insert into tags (name, type) values ('Twinte', 1);
insert into tags (name, type) values ('Thoughtbeat', 1);
insert into tags (name, type) values ('Realbuzz', 1);
insert into tags (name, type) values ('Meejo', 1);
insert into tags (name, type) values ('Skinix', 1);
insert into tags (name, type) values ('Feedspan', 1);
insert into tags (name, type) values ('Dabjam', 1);
insert into tags (name, type) values ('Meejo', 1);
insert into tags (name, type) values ('Feedfish', 1);
insert into tags (name, type) values ('Jaxworks', 1);
insert into tags (name, type) values ('Blogtag', 1);
insert into tags (name, type) values ('Gigashots', 1);
insert into tags (name, type) values ('Dablist', 1);
insert into tags (name, type) values ('Abata', 1);
insert into tags (name, type) values ('Leenti', 1);
insert into tags (name, type) values ('Mybuzz', 1);
insert into tags (name, type) values ('Yacero', 1);
insert into tags (name, type) values ('Pixoboo', 1);
insert into tags (name, type) values ('Browsecat', 1);
insert into tags (name, type) values ('Mydo', 1);
insert into tags (name, type) values ('Fatz', 1);
insert into tags (name, type) values ('BlogXS', 1);
insert into tags (name, type) values ('Minyx', 1);
insert into tags (name, type) values ('Skippad', 1);
insert into tags (name, type) values ('Brainbox', 1);
insert into tags (name, type) values ('Youopia', 1);
insert into tags (name, type) values ('Buzzbean', 1);
insert into tags (name, type) values ('Devpulse', 1);
insert into tags (name, type) values ('Skalith', 1);
insert into tags (name, type) values ('Eamia', 1);
insert into tags (name, type) values ('Devshare', 1);
insert into tags (name, type) values ('Oozz', 1);
insert into tags (name, type) values ('Fanoodle', 1);
insert into tags (name, type) values ('Feedfish', 1);
insert into tags (name, type) values ('Quatz', 1);
insert into tags (name, type) values ('Zoomlounge', 1);
insert into tags (name, type) values ('Wordware', 1);
insert into tags (name, type) values ('Leenti', 1);
insert into tags (name, type) values ('Abatz', 1);
insert into tags (name, type) values ('Rooxo', 1);
insert into tags (name, type) values ('Npath', 1);
insert into tags (name, type) values ('Twitterbridge', 1);
insert into tags (name, type) values ('Avaveo', 1);
insert into tags (name, type) values ('Dynazzy', 1);
insert into tags (name, type) values ('Shufflester', 1);
insert into tags (name, type) values ('Skilith', 1);
insert into tags (name, type) values ('Babblestorm', 1);
insert into tags (name, type) values ('Vitz', 1);
insert into tags (name, type) values ('Kwimbee', 1);
insert into tags (name, type) values ('Voonder', 1);
insert into tags (name, type) values ('Talane', 1);
insert into tags (name, type) values ('Flashpoint', 1);
insert into tags (name, type) values ('Ainyx', 1);
insert into tags (name, type) values ('Myworks', 1);
insert into tags (name, type) values ('Realpoint', 1);
insert into tags (name, type) values ('Flipbug', 1);
insert into tags (name, type) values ('Riffpedia', 1);
insert into tags (name, type) values ('Dabfeed', 1);
insert into tags (name, type) values ('Abatz', 1);
insert into tags (name, type) values ('Demimbu', 1);
insert into tags (name, type) values ('Rhybox', 1);
insert into tags (name, type) values ('Bubblebox', 1);
insert into tags (name, type) values ('Tagtune', 1);
insert into tags (name, type) values ('Divanoodle', 1);
insert into tags (name, type) values ('Skyvu', 1);
insert into tags (name, type) values ('Twiyo', 1);
insert into tags (name, type) values ('Aimbo', 1);
insert into tags (name, type) values ('Voomm', 1);
insert into tags (name, type) values ('Fivechat', 1);
insert into tags (name, type) values ('Kamba', 1);
insert into tags (name, type) values ('Fivebridge', 1);
insert into tags (name, type) values ('Eayo', 1);
insert into tags (name, type) values ('Devcast', 1);

-- tags/projects relationship
insert into tag_project (id, project_id, tag_id) values (1, 24, 15);
insert into tag_project (id, project_id, tag_id) values (2, 64, 199);
insert into tag_project (id, project_id, tag_id) values (3, 2, 200);
insert into tag_project (id, project_id, tag_id) values (4, 43, 72);
insert into tag_project (id, project_id, tag_id) values (5, 15, 105);
insert into tag_project (id, project_id, tag_id) values (6, 82, 84);
insert into tag_project (id, project_id, tag_id) values (7, 64, 112);
insert into tag_project (id, project_id, tag_id) values (8, 46, 5);
insert into tag_project (id, project_id, tag_id) values (9, 85, 145);
insert into tag_project (id, project_id, tag_id) values (10, 74, 172);
insert into tag_project (id, project_id, tag_id) values (11, 89, 47);
insert into tag_project (id, project_id, tag_id) values (12, 10, 163);
insert into tag_project (id, project_id, tag_id) values (13, 4, 81);
insert into tag_project (id, project_id, tag_id) values (14, 48, 21);
insert into tag_project (id, project_id, tag_id) values (15, 21, 104);
insert into tag_project (id, project_id, tag_id) values (16, 28, 76);
insert into tag_project (id, project_id, tag_id) values (17, 17, 86);
insert into tag_project (id, project_id, tag_id) values (18, 99, 101);
insert into tag_project (id, project_id, tag_id) values (19, 27, 88);
insert into tag_project (id, project_id, tag_id) values (20, 71, 167);
insert into tag_project (id, project_id, tag_id) values (21, 44, 13);
insert into tag_project (id, project_id, tag_id) values (22, 66, 88);
insert into tag_project (id, project_id, tag_id) values (23, 30, 52);
insert into tag_project (id, project_id, tag_id) values (24, 44, 59);
insert into tag_project (id, project_id, tag_id) values (25, 94, 103);
insert into tag_project (id, project_id, tag_id) values (26, 1, 20);
insert into tag_project (id, project_id, tag_id) values (27, 4, 48);
insert into tag_project (id, project_id, tag_id) values (28, 46, 109);
insert into tag_project (id, project_id, tag_id) values (29, 88, 170);
insert into tag_project (id, project_id, tag_id) values (30, 2, 47);
insert into tag_project (id, project_id, tag_id) values (31, 40, 65);
insert into tag_project (id, project_id, tag_id) values (32, 29, 157);
insert into tag_project (id, project_id, tag_id) values (33, 67, 80);
insert into tag_project (id, project_id, tag_id) values (34, 30, 160);
insert into tag_project (id, project_id, tag_id) values (35, 50, 65);
insert into tag_project (id, project_id, tag_id) values (36, 63, 58);
insert into tag_project (id, project_id, tag_id) values (37, 70, 55);
insert into tag_project (id, project_id, tag_id) values (38, 90, 128);
insert into tag_project (id, project_id, tag_id) values (39, 65, 66);
insert into tag_project (id, project_id, tag_id) values (40, 72, 184);
insert into tag_project (id, project_id, tag_id) values (41, 27, 71);
insert into tag_project (id, project_id, tag_id) values (42, 18, 99);
insert into tag_project (id, project_id, tag_id) values (43, 6, 168);
insert into tag_project (id, project_id, tag_id) values (44, 7, 79);
insert into tag_project (id, project_id, tag_id) values (45, 7, 151);
insert into tag_project (id, project_id, tag_id) values (46, 68, 59);
insert into tag_project (id, project_id, tag_id) values (47, 79, 83);
insert into tag_project (id, project_id, tag_id) values (48, 32, 33);
insert into tag_project (id, project_id, tag_id) values (49, 99, 79);
insert into tag_project (id, project_id, tag_id) values (50, 55, 37);
insert into tag_project (id, project_id, tag_id) values (51, 49, 175);
insert into tag_project (id, project_id, tag_id) values (52, 64, 169);
insert into tag_project (id, project_id, tag_id) values (53, 83, 118);
insert into tag_project (id, project_id, tag_id) values (54, 86, 41);
insert into tag_project (id, project_id, tag_id) values (55, 46, 91);
insert into tag_project (id, project_id, tag_id) values (56, 76, 165);
insert into tag_project (id, project_id, tag_id) values (57, 27, 73);
insert into tag_project (id, project_id, tag_id) values (58, 46, 187);
insert into tag_project (id, project_id, tag_id) values (59, 59, 178);
insert into tag_project (id, project_id, tag_id) values (60, 11, 135);
insert into tag_project (id, project_id, tag_id) values (61, 59, 76);
insert into tag_project (id, project_id, tag_id) values (62, 30, 111);
insert into tag_project (id, project_id, tag_id) values (63, 48, 68);
insert into tag_project (id, project_id, tag_id) values (64, 19, 114);
insert into tag_project (id, project_id, tag_id) values (65, 37, 24);
insert into tag_project (id, project_id, tag_id) values (66, 86, 157);
insert into tag_project (id, project_id, tag_id) values (67, 79, 132);
insert into tag_project (id, project_id, tag_id) values (68, 52, 66);
insert into tag_project (id, project_id, tag_id) values (69, 36, 178);
insert into tag_project (id, project_id, tag_id) values (70, 68, 80);
insert into tag_project (id, project_id, tag_id) values (71, 77, 156);
insert into tag_project (id, project_id, tag_id) values (72, 32, 199);
insert into tag_project (id, project_id, tag_id) values (73, 32, 85);
insert into tag_project (id, project_id, tag_id) values (74, 89, 120);
insert into tag_project (id, project_id, tag_id) values (75, 83, 45);
insert into tag_project (id, project_id, tag_id) values (76, 3, 150);
insert into tag_project (id, project_id, tag_id) values (77, 63, 193);
insert into tag_project (id, project_id, tag_id) values (78, 84, 198);
insert into tag_project (id, project_id, tag_id) values (79, 35, 97);
insert into tag_project (id, project_id, tag_id) values (80, 2, 94);
insert into tag_project (id, project_id, tag_id) values (81, 13, 171);
insert into tag_project (id, project_id, tag_id) values (82, 65, 193);
insert into tag_project (id, project_id, tag_id) values (83, 42, 111);
insert into tag_project (id, project_id, tag_id) values (84, 9, 157);
insert into tag_project (id, project_id, tag_id) values (85, 33, 125);
insert into tag_project (id, project_id, tag_id) values (86, 97, 152);
insert into tag_project (id, project_id, tag_id) values (87, 92, 111);
insert into tag_project (id, project_id, tag_id) values (88, 68, 120);
insert into tag_project (id, project_id, tag_id) values (89, 21, 140);
insert into tag_project (id, project_id, tag_id) values (90, 75, 31);
insert into tag_project (id, project_id, tag_id) values (91, 88, 28);
insert into tag_project (id, project_id, tag_id) values (92, 79, 109);
insert into tag_project (id, project_id, tag_id) values (93, 5, 6);
insert into tag_project (id, project_id, tag_id) values (94, 60, 196);
insert into tag_project (id, project_id, tag_id) values (95, 63, 132);
insert into tag_project (id, project_id, tag_id) values (96, 93, 147);
insert into tag_project (id, project_id, tag_id) values (97, 51, 49);
insert into tag_project (id, project_id, tag_id) values (98, 89, 46);
insert into tag_project (id, project_id, tag_id) values (99, 69, 139);
insert into tag_project (id, project_id, tag_id) values (100, 18, 137);
insert into tag_project (id, project_id, tag_id) values (101, 52, 73);
insert into tag_project (id, project_id, tag_id) values (102, 94, 132);
insert into tag_project (id, project_id, tag_id) values (103, 12, 65);
insert into tag_project (id, project_id, tag_id) values (104, 40, 116);
insert into tag_project (id, project_id, tag_id) values (105, 1, 162);
insert into tag_project (id, project_id, tag_id) values (106, 5, 88);
insert into tag_project (id, project_id, tag_id) values (107, 43, 1);
insert into tag_project (id, project_id, tag_id) values (108, 12, 160);
insert into tag_project (id, project_id, tag_id) values (109, 14, 148);
insert into tag_project (id, project_id, tag_id) values (110, 4, 123);
insert into tag_project (id, project_id, tag_id) values (111, 75, 114);
insert into tag_project (id, project_id, tag_id) values (112, 45, 117);
insert into tag_project (id, project_id, tag_id) values (113, 57, 24);
insert into tag_project (id, project_id, tag_id) values (114, 57, 36);
insert into tag_project (id, project_id, tag_id) values (115, 47, 84);
insert into tag_project (id, project_id, tag_id) values (116, 15, 95);
insert into tag_project (id, project_id, tag_id) values (117, 2, 176);
insert into tag_project (id, project_id, tag_id) values (118, 87, 100);
insert into tag_project (id, project_id, tag_id) values (119, 1, 102);
insert into tag_project (id, project_id, tag_id) values (120, 34, 61);
insert into tag_project (id, project_id, tag_id) values (121, 29, 92);
insert into tag_project (id, project_id, tag_id) values (122, 59, 180);
insert into tag_project (id, project_id, tag_id) values (123, 4, 53);
insert into tag_project (id, project_id, tag_id) values (124, 100, 165);
insert into tag_project (id, project_id, tag_id) values (125, 95, 27);
insert into tag_project (id, project_id, tag_id) values (126, 15, 115);
insert into tag_project (id, project_id, tag_id) values (127, 57, 177);
insert into tag_project (id, project_id, tag_id) values (128, 32, 109);
insert into tag_project (id, project_id, tag_id) values (129, 83, 62);
insert into tag_project (id, project_id, tag_id) values (130, 52, 142);
insert into tag_project (id, project_id, tag_id) values (131, 18, 168);
insert into tag_project (id, project_id, tag_id) values (132, 78, 93);
insert into tag_project (id, project_id, tag_id) values (133, 65, 71);
insert into tag_project (id, project_id, tag_id) values (134, 54, 114);
insert into tag_project (id, project_id, tag_id) values (135, 80, 12);
insert into tag_project (id, project_id, tag_id) values (136, 44, 15);
insert into tag_project (id, project_id, tag_id) values (137, 2, 187);
insert into tag_project (id, project_id, tag_id) values (138, 86, 13);
insert into tag_project (id, project_id, tag_id) values (139, 31, 184);
insert into tag_project (id, project_id, tag_id) values (140, 15, 162);
insert into tag_project (id, project_id, tag_id) values (141, 87, 132);
insert into tag_project (id, project_id, tag_id) values (142, 6, 4);
insert into tag_project (id, project_id, tag_id) values (143, 44, 2);
insert into tag_project (id, project_id, tag_id) values (144, 89, 174);
insert into tag_project (id, project_id, tag_id) values (145, 85, 180);
insert into tag_project (id, project_id, tag_id) values (146, 5, 10);
insert into tag_project (id, project_id, tag_id) values (147, 24, 16);
insert into tag_project (id, project_id, tag_id) values (148, 74, 194);
insert into tag_project (id, project_id, tag_id) values (149, 61, 162);
insert into tag_project (id, project_id, tag_id) values (150, 66, 200);
insert into tag_project (id, project_id, tag_id) values (151, 45, 174);
insert into tag_project (id, project_id, tag_id) values (152, 50, 80);
insert into tag_project (id, project_id, tag_id) values (153, 73, 162);
insert into tag_project (id, project_id, tag_id) values (154, 44, 15);
insert into tag_project (id, project_id, tag_id) values (155, 46, 173);
insert into tag_project (id, project_id, tag_id) values (156, 67, 95);
insert into tag_project (id, project_id, tag_id) values (157, 67, 126);
insert into tag_project (id, project_id, tag_id) values (158, 49, 183);
insert into tag_project (id, project_id, tag_id) values (159, 36, 115);
insert into tag_project (id, project_id, tag_id) values (160, 20, 189);
insert into tag_project (id, project_id, tag_id) values (161, 55, 103);
insert into tag_project (id, project_id, tag_id) values (162, 31, 12);
insert into tag_project (id, project_id, tag_id) values (163, 95, 132);
insert into tag_project (id, project_id, tag_id) values (164, 96, 101);
insert into tag_project (id, project_id, tag_id) values (165, 89, 177);
insert into tag_project (id, project_id, tag_id) values (166, 48, 29);
insert into tag_project (id, project_id, tag_id) values (167, 40, 200);
insert into tag_project (id, project_id, tag_id) values (168, 82, 39);
insert into tag_project (id, project_id, tag_id) values (169, 55, 191);
insert into tag_project (id, project_id, tag_id) values (170, 33, 80);
insert into tag_project (id, project_id, tag_id) values (171, 70, 188);
insert into tag_project (id, project_id, tag_id) values (172, 88, 56);
insert into tag_project (id, project_id, tag_id) values (173, 21, 96);
insert into tag_project (id, project_id, tag_id) values (174, 47, 32);
insert into tag_project (id, project_id, tag_id) values (175, 58, 131);
insert into tag_project (id, project_id, tag_id) values (176, 39, 52);
insert into tag_project (id, project_id, tag_id) values (177, 81, 96);
insert into tag_project (id, project_id, tag_id) values (178, 46, 49);
insert into tag_project (id, project_id, tag_id) values (179, 88, 8);
insert into tag_project (id, project_id, tag_id) values (180, 85, 97);
insert into tag_project (id, project_id, tag_id) values (181, 19, 164);
insert into tag_project (id, project_id, tag_id) values (182, 10, 87);
insert into tag_project (id, project_id, tag_id) values (183, 43, 7);
insert into tag_project (id, project_id, tag_id) values (184, 22, 80);
insert into tag_project (id, project_id, tag_id) values (185, 62, 126);
insert into tag_project (id, project_id, tag_id) values (186, 19, 63);
insert into tag_project (id, project_id, tag_id) values (187, 5, 17);
insert into tag_project (id, project_id, tag_id) values (188, 56, 40);
insert into tag_project (id, project_id, tag_id) values (189, 45, 170);
insert into tag_project (id, project_id, tag_id) values (190, 43, 68);
insert into tag_project (id, project_id, tag_id) values (191, 33, 139);
insert into tag_project (id, project_id, tag_id) values (192, 54, 196);
insert into tag_project (id, project_id, tag_id) values (193, 18, 129);
insert into tag_project (id, project_id, tag_id) values (194, 85, 5);
insert into tag_project (id, project_id, tag_id) values (195, 33, 14);
insert into tag_project (id, project_id, tag_id) values (196, 29, 178);
insert into tag_project (id, project_id, tag_id) values (197, 76, 25);
insert into tag_project (id, project_id, tag_id) values (198, 24, 178);
insert into tag_project (id, project_id, tag_id) values (199, 7, 179);
insert into tag_project (id, project_id, tag_id) values (200, 15, 179);
insert into tag_project (id, project_id, tag_id) values (201, 68, 9);
insert into tag_project (id, project_id, tag_id) values (202, 86, 52);
insert into tag_project (id, project_id, tag_id) values (203, 98, 189);
insert into tag_project (id, project_id, tag_id) values (204, 62, 139);
insert into tag_project (id, project_id, tag_id) values (205, 70, 173);
insert into tag_project (id, project_id, tag_id) values (206, 98, 64);
insert into tag_project (id, project_id, tag_id) values (207, 70, 51);
insert into tag_project (id, project_id, tag_id) values (208, 72, 128);
insert into tag_project (id, project_id, tag_id) values (209, 37, 53);
insert into tag_project (id, project_id, tag_id) values (210, 61, 64);
insert into tag_project (id, project_id, tag_id) values (211, 78, 59);
insert into tag_project (id, project_id, tag_id) values (212, 14, 78);
insert into tag_project (id, project_id, tag_id) values (213, 39, 119);
insert into tag_project (id, project_id, tag_id) values (214, 53, 28);
insert into tag_project (id, project_id, tag_id) values (215, 3, 118);
insert into tag_project (id, project_id, tag_id) values (216, 97, 92);
insert into tag_project (id, project_id, tag_id) values (217, 23, 189);
insert into tag_project (id, project_id, tag_id) values (218, 5, 157);
insert into tag_project (id, project_id, tag_id) values (219, 49, 26);
insert into tag_project (id, project_id, tag_id) values (220, 32, 101);
insert into tag_project (id, project_id, tag_id) values (221, 57, 197);
insert into tag_project (id, project_id, tag_id) values (222, 59, 120);
insert into tag_project (id, project_id, tag_id) values (223, 74, 13);
insert into tag_project (id, project_id, tag_id) values (224, 47, 53);
insert into tag_project (id, project_id, tag_id) values (225, 33, 71);
insert into tag_project (id, project_id, tag_id) values (226, 91, 135);
insert into tag_project (id, project_id, tag_id) values (227, 82, 158);
insert into tag_project (id, project_id, tag_id) values (228, 84, 169);
insert into tag_project (id, project_id, tag_id) values (229, 56, 138);
insert into tag_project (id, project_id, tag_id) values (230, 70, 92);
insert into tag_project (id, project_id, tag_id) values (231, 43, 83);
insert into tag_project (id, project_id, tag_id) values (232, 75, 141);
insert into tag_project (id, project_id, tag_id) values (233, 37, 157);
insert into tag_project (id, project_id, tag_id) values (234, 2, 60);
insert into tag_project (id, project_id, tag_id) values (235, 39, 97);
insert into tag_project (id, project_id, tag_id) values (236, 18, 170);
insert into tag_project (id, project_id, tag_id) values (237, 99, 70);
insert into tag_project (id, project_id, tag_id) values (238, 14, 37);
insert into tag_project (id, project_id, tag_id) values (239, 49, 3);
insert into tag_project (id, project_id, tag_id) values (240, 47, 20);
insert into tag_project (id, project_id, tag_id) values (241, 94, 44);
insert into tag_project (id, project_id, tag_id) values (242, 80, 30);
insert into tag_project (id, project_id, tag_id) values (243, 63, 139);
insert into tag_project (id, project_id, tag_id) values (244, 10, 29);
insert into tag_project (id, project_id, tag_id) values (245, 17, 194);
insert into tag_project (id, project_id, tag_id) values (246, 6, 85);
insert into tag_project (id, project_id, tag_id) values (247, 62, 59);
insert into tag_project (id, project_id, tag_id) values (248, 82, 175);
insert into tag_project (id, project_id, tag_id) values (249, 9, 31);
insert into tag_project (id, project_id, tag_id) values (250, 98, 67);
insert into tag_project (id, project_id, tag_id) values (251, 15, 45);
insert into tag_project (id, project_id, tag_id) values (252, 94, 92);
insert into tag_project (id, project_id, tag_id) values (253, 94, 44);
insert into tag_project (id, project_id, tag_id) values (254, 90, 197);
insert into tag_project (id, project_id, tag_id) values (255, 28, 19);
insert into tag_project (id, project_id, tag_id) values (256, 59, 23);
insert into tag_project (id, project_id, tag_id) values (257, 70, 106);
insert into tag_project (id, project_id, tag_id) values (258, 97, 198);
insert into tag_project (id, project_id, tag_id) values (259, 59, 146);
insert into tag_project (id, project_id, tag_id) values (260, 27, 70);
insert into tag_project (id, project_id, tag_id) values (261, 97, 33);
insert into tag_project (id, project_id, tag_id) values (262, 53, 158);
insert into tag_project (id, project_id, tag_id) values (263, 51, 162);
insert into tag_project (id, project_id, tag_id) values (264, 72, 179);
insert into tag_project (id, project_id, tag_id) values (265, 87, 56);
insert into tag_project (id, project_id, tag_id) values (266, 20, 63);
insert into tag_project (id, project_id, tag_id) values (267, 21, 20);
insert into tag_project (id, project_id, tag_id) values (268, 10, 195);
insert into tag_project (id, project_id, tag_id) values (269, 70, 124);
insert into tag_project (id, project_id, tag_id) values (270, 4, 75);
insert into tag_project (id, project_id, tag_id) values (271, 89, 24);
insert into tag_project (id, project_id, tag_id) values (272, 39, 119);
insert into tag_project (id, project_id, tag_id) values (273, 71, 180);
insert into tag_project (id, project_id, tag_id) values (274, 88, 19);
insert into tag_project (id, project_id, tag_id) values (275, 53, 33);
insert into tag_project (id, project_id, tag_id) values (276, 39, 158);
insert into tag_project (id, project_id, tag_id) values (277, 36, 33);
insert into tag_project (id, project_id, tag_id) values (278, 86, 107);
insert into tag_project (id, project_id, tag_id) values (279, 5, 116);
insert into tag_project (id, project_id, tag_id) values (280, 36, 96);
insert into tag_project (id, project_id, tag_id) values (281, 45, 52);
insert into tag_project (id, project_id, tag_id) values (282, 65, 8);
insert into tag_project (id, project_id, tag_id) values (283, 88, 174);
insert into tag_project (id, project_id, tag_id) values (284, 89, 178);
insert into tag_project (id, project_id, tag_id) values (285, 88, 118);
insert into tag_project (id, project_id, tag_id) values (286, 4, 20);
insert into tag_project (id, project_id, tag_id) values (287, 52, 48);
insert into tag_project (id, project_id, tag_id) values (288, 86, 190);
insert into tag_project (id, project_id, tag_id) values (289, 94, 65);
insert into tag_project (id, project_id, tag_id) values (290, 4, 198);
insert into tag_project (id, project_id, tag_id) values (291, 64, 122);
insert into tag_project (id, project_id, tag_id) values (292, 43, 39);
insert into tag_project (id, project_id, tag_id) values (293, 7, 149);
insert into tag_project (id, project_id, tag_id) values (294, 83, 161);
insert into tag_project (id, project_id, tag_id) values (295, 18, 60);
insert into tag_project (id, project_id, tag_id) values (296, 86, 172);
insert into tag_project (id, project_id, tag_id) values (297, 33, 63);
insert into tag_project (id, project_id, tag_id) values (298, 13, 133);
insert into tag_project (id, project_id, tag_id) values (299, 46, 60);
insert into tag_project (id, project_id, tag_id) values (300, 12, 84);
insert into tag_project (id, project_id, tag_id) values (301, 61, 135);
insert into tag_project (id, project_id, tag_id) values (302, 92, 43);
insert into tag_project (id, project_id, tag_id) values (303, 73, 131);
insert into tag_project (id, project_id, tag_id) values (304, 45, 182);
insert into tag_project (id, project_id, tag_id) values (305, 100, 39);
insert into tag_project (id, project_id, tag_id) values (306, 80, 27);
insert into tag_project (id, project_id, tag_id) values (307, 51, 61);
insert into tag_project (id, project_id, tag_id) values (308, 23, 52);
insert into tag_project (id, project_id, tag_id) values (309, 97, 177);
insert into tag_project (id, project_id, tag_id) values (310, 90, 196);
insert into tag_project (id, project_id, tag_id) values (311, 77, 164);
insert into tag_project (id, project_id, tag_id) values (312, 25, 192);
insert into tag_project (id, project_id, tag_id) values (313, 53, 170);
insert into tag_project (id, project_id, tag_id) values (314, 69, 121);
insert into tag_project (id, project_id, tag_id) values (315, 35, 144);
insert into tag_project (id, project_id, tag_id) values (316, 51, 27);
insert into tag_project (id, project_id, tag_id) values (317, 80, 115);
insert into tag_project (id, project_id, tag_id) values (318, 47, 158);
insert into tag_project (id, project_id, tag_id) values (319, 94, 109);
insert into tag_project (id, project_id, tag_id) values (320, 8, 81);
insert into tag_project (id, project_id, tag_id) values (321, 77, 1);
insert into tag_project (id, project_id, tag_id) values (322, 19, 103);
insert into tag_project (id, project_id, tag_id) values (323, 21, 128);
insert into tag_project (id, project_id, tag_id) values (324, 44, 174);
insert into tag_project (id, project_id, tag_id) values (325, 36, 21);
insert into tag_project (id, project_id, tag_id) values (326, 74, 165);
insert into tag_project (id, project_id, tag_id) values (327, 45, 16);
insert into tag_project (id, project_id, tag_id) values (328, 20, 92);
insert into tag_project (id, project_id, tag_id) values (329, 43, 125);
insert into tag_project (id, project_id, tag_id) values (330, 84, 92);
insert into tag_project (id, project_id, tag_id) values (331, 15, 146);
insert into tag_project (id, project_id, tag_id) values (332, 71, 119);
insert into tag_project (id, project_id, tag_id) values (333, 36, 65);
insert into tag_project (id, project_id, tag_id) values (334, 85, 177);
insert into tag_project (id, project_id, tag_id) values (335, 12, 100);
insert into tag_project (id, project_id, tag_id) values (336, 22, 44);
insert into tag_project (id, project_id, tag_id) values (337, 48, 61);
insert into tag_project (id, project_id, tag_id) values (338, 55, 159);
insert into tag_project (id, project_id, tag_id) values (339, 10, 181);
insert into tag_project (id, project_id, tag_id) values (340, 49, 20);
insert into tag_project (id, project_id, tag_id) values (341, 22, 125);
insert into tag_project (id, project_id, tag_id) values (342, 74, 155);
insert into tag_project (id, project_id, tag_id) values (343, 19, 46);
insert into tag_project (id, project_id, tag_id) values (344, 100, 58);
insert into tag_project (id, project_id, tag_id) values (345, 79, 114);
insert into tag_project (id, project_id, tag_id) values (346, 37, 24);
insert into tag_project (id, project_id, tag_id) values (347, 19, 187);
insert into tag_project (id, project_id, tag_id) values (348, 87, 153);
insert into tag_project (id, project_id, tag_id) values (349, 26, 123);
insert into tag_project (id, project_id, tag_id) values (350, 91, 64);
insert into tag_project (id, project_id, tag_id) values (351, 10, 71);
insert into tag_project (id, project_id, tag_id) values (352, 93, 147);
insert into tag_project (id, project_id, tag_id) values (353, 81, 79);
insert into tag_project (id, project_id, tag_id) values (354, 72, 151);
insert into tag_project (id, project_id, tag_id) values (355, 63, 12);
insert into tag_project (id, project_id, tag_id) values (356, 48, 2);
insert into tag_project (id, project_id, tag_id) values (357, 74, 143);
insert into tag_project (id, project_id, tag_id) values (358, 91, 190);
insert into tag_project (id, project_id, tag_id) values (359, 4, 197);
insert into tag_project (id, project_id, tag_id) values (360, 3, 199);
insert into tag_project (id, project_id, tag_id) values (361, 5, 70);
insert into tag_project (id, project_id, tag_id) values (362, 69, 53);
insert into tag_project (id, project_id, tag_id) values (363, 68, 60);
insert into tag_project (id, project_id, tag_id) values (364, 29, 174);
insert into tag_project (id, project_id, tag_id) values (365, 31, 149);
insert into tag_project (id, project_id, tag_id) values (366, 84, 189);
insert into tag_project (id, project_id, tag_id) values (367, 13, 49);
insert into tag_project (id, project_id, tag_id) values (368, 61, 53);
insert into tag_project (id, project_id, tag_id) values (369, 10, 20);
insert into tag_project (id, project_id, tag_id) values (370, 15, 84);
insert into tag_project (id, project_id, tag_id) values (371, 27, 78);
insert into tag_project (id, project_id, tag_id) values (372, 40, 121);
insert into tag_project (id, project_id, tag_id) values (373, 71, 10);
insert into tag_project (id, project_id, tag_id) values (374, 29, 167);
insert into tag_project (id, project_id, tag_id) values (375, 81, 59);
insert into tag_project (id, project_id, tag_id) values (376, 95, 130);
insert into tag_project (id, project_id, tag_id) values (377, 12, 164);
insert into tag_project (id, project_id, tag_id) values (378, 64, 84);
insert into tag_project (id, project_id, tag_id) values (379, 43, 20);
insert into tag_project (id, project_id, tag_id) values (380, 26, 117);
insert into tag_project (id, project_id, tag_id) values (381, 86, 46);
insert into tag_project (id, project_id, tag_id) values (382, 77, 163);
insert into tag_project (id, project_id, tag_id) values (383, 4, 57);
insert into tag_project (id, project_id, tag_id) values (384, 42, 176);
insert into tag_project (id, project_id, tag_id) values (385, 52, 168);
insert into tag_project (id, project_id, tag_id) values (386, 93, 14);
insert into tag_project (id, project_id, tag_id) values (387, 47, 190);
insert into tag_project (id, project_id, tag_id) values (388, 24, 102);
insert into tag_project (id, project_id, tag_id) values (389, 47, 52);
insert into tag_project (id, project_id, tag_id) values (390, 44, 58);
insert into tag_project (id, project_id, tag_id) values (391, 43, 22);
insert into tag_project (id, project_id, tag_id) values (392, 80, 105);
insert into tag_project (id, project_id, tag_id) values (393, 90, 159);
insert into tag_project (id, project_id, tag_id) values (394, 61, 169);
insert into tag_project (id, project_id, tag_id) values (395, 58, 77);
insert into tag_project (id, project_id, tag_id) values (396, 91, 163);
insert into tag_project (id, project_id, tag_id) values (397, 19, 140);
insert into tag_project (id, project_id, tag_id) values (398, 10, 175);
insert into tag_project (id, project_id, tag_id) values (399, 87, 110);
insert into tag_project (id, project_id, tag_id) values (400, 3, 96);
insert into tag_project (id, project_id, tag_id) values (401, 36, 24);
insert into tag_project (id, project_id, tag_id) values (402, 10, 171);
insert into tag_project (id, project_id, tag_id) values (403, 76, 167);
insert into tag_project (id, project_id, tag_id) values (404, 26, 72);
insert into tag_project (id, project_id, tag_id) values (405, 47, 180);
insert into tag_project (id, project_id, tag_id) values (406, 73, 141);
insert into tag_project (id, project_id, tag_id) values (407, 72, 134);
insert into tag_project (id, project_id, tag_id) values (408, 96, 101);
insert into tag_project (id, project_id, tag_id) values (409, 41, 39);
insert into tag_project (id, project_id, tag_id) values (410, 68, 127);
insert into tag_project (id, project_id, tag_id) values (411, 76, 99);
insert into tag_project (id, project_id, tag_id) values (412, 72, 63);
insert into tag_project (id, project_id, tag_id) values (413, 43, 47);
insert into tag_project (id, project_id, tag_id) values (414, 94, 105);
insert into tag_project (id, project_id, tag_id) values (415, 89, 49);
insert into tag_project (id, project_id, tag_id) values (416, 29, 183);
insert into tag_project (id, project_id, tag_id) values (417, 67, 32);
insert into tag_project (id, project_id, tag_id) values (418, 10, 150);
insert into tag_project (id, project_id, tag_id) values (419, 75, 18);
insert into tag_project (id, project_id, tag_id) values (420, 78, 25);
insert into tag_project (id, project_id, tag_id) values (421, 82, 58);
insert into tag_project (id, project_id, tag_id) values (422, 71, 146);
insert into tag_project (id, project_id, tag_id) values (423, 36, 97);
insert into tag_project (id, project_id, tag_id) values (424, 58, 17);
insert into tag_project (id, project_id, tag_id) values (425, 62, 83);
insert into tag_project (id, project_id, tag_id) values (426, 72, 154);
insert into tag_project (id, project_id, tag_id) values (427, 98, 6);
insert into tag_project (id, project_id, tag_id) values (428, 77, 149);
insert into tag_project (id, project_id, tag_id) values (429, 36, 169);
insert into tag_project (id, project_id, tag_id) values (430, 18, 169);
insert into tag_project (id, project_id, tag_id) values (431, 71, 39);
insert into tag_project (id, project_id, tag_id) values (432, 6, 9);
insert into tag_project (id, project_id, tag_id) values (433, 94, 176);
insert into tag_project (id, project_id, tag_id) values (434, 84, 49);
insert into tag_project (id, project_id, tag_id) values (435, 96, 96);
insert into tag_project (id, project_id, tag_id) values (436, 74, 28);
insert into tag_project (id, project_id, tag_id) values (437, 80, 19);
insert into tag_project (id, project_id, tag_id) values (438, 92, 25);
insert into tag_project (id, project_id, tag_id) values (439, 50, 89);
insert into tag_project (id, project_id, tag_id) values (440, 77, 51);
insert into tag_project (id, project_id, tag_id) values (441, 76, 146);
insert into tag_project (id, project_id, tag_id) values (442, 91, 3);
insert into tag_project (id, project_id, tag_id) values (443, 82, 173);
insert into tag_project (id, project_id, tag_id) values (444, 27, 129);
insert into tag_project (id, project_id, tag_id) values (445, 50, 63);
insert into tag_project (id, project_id, tag_id) values (446, 28, 109);
insert into tag_project (id, project_id, tag_id) values (447, 93, 32);
insert into tag_project (id, project_id, tag_id) values (448, 45, 185);
insert into tag_project (id, project_id, tag_id) values (449, 43, 75);
insert into tag_project (id, project_id, tag_id) values (450, 42, 119);
insert into tag_project (id, project_id, tag_id) values (451, 14, 64);
insert into tag_project (id, project_id, tag_id) values (452, 48, 26);
insert into tag_project (id, project_id, tag_id) values (453, 50, 69);
insert into tag_project (id, project_id, tag_id) values (454, 72, 55);
insert into tag_project (id, project_id, tag_id) values (455, 24, 190);
insert into tag_project (id, project_id, tag_id) values (456, 74, 106);
insert into tag_project (id, project_id, tag_id) values (457, 53, 177);
insert into tag_project (id, project_id, tag_id) values (458, 48, 180);
insert into tag_project (id, project_id, tag_id) values (459, 76, 150);
insert into tag_project (id, project_id, tag_id) values (460, 25, 163);
insert into tag_project (id, project_id, tag_id) values (461, 7, 96);
insert into tag_project (id, project_id, tag_id) values (462, 37, 44);
insert into tag_project (id, project_id, tag_id) values (463, 27, 156);
insert into tag_project (id, project_id, tag_id) values (464, 39, 45);
insert into tag_project (id, project_id, tag_id) values (465, 35, 125);
insert into tag_project (id, project_id, tag_id) values (466, 29, 56);
insert into tag_project (id, project_id, tag_id) values (467, 49, 30);
insert into tag_project (id, project_id, tag_id) values (468, 28, 141);
insert into tag_project (id, project_id, tag_id) values (469, 33, 192);
insert into tag_project (id, project_id, tag_id) values (470, 10, 95);
insert into tag_project (id, project_id, tag_id) values (471, 65, 45);
insert into tag_project (id, project_id, tag_id) values (472, 94, 123);
insert into tag_project (id, project_id, tag_id) values (473, 64, 177);
insert into tag_project (id, project_id, tag_id) values (474, 23, 185);
insert into tag_project (id, project_id, tag_id) values (475, 58, 54);
insert into tag_project (id, project_id, tag_id) values (476, 39, 133);
insert into tag_project (id, project_id, tag_id) values (477, 33, 61);
insert into tag_project (id, project_id, tag_id) values (478, 65, 93);
insert into tag_project (id, project_id, tag_id) values (479, 18, 173);
insert into tag_project (id, project_id, tag_id) values (480, 23, 80);
insert into tag_project (id, project_id, tag_id) values (481, 82, 35);
insert into tag_project (id, project_id, tag_id) values (482, 72, 93);
insert into tag_project (id, project_id, tag_id) values (483, 45, 80);
insert into tag_project (id, project_id, tag_id) values (484, 16, 99);
insert into tag_project (id, project_id, tag_id) values (485, 34, 100);
insert into tag_project (id, project_id, tag_id) values (486, 19, 18);
insert into tag_project (id, project_id, tag_id) values (487, 56, 121);
insert into tag_project (id, project_id, tag_id) values (488, 64, 51);
insert into tag_project (id, project_id, tag_id) values (489, 36, 10);
insert into tag_project (id, project_id, tag_id) values (490, 91, 139);
insert into tag_project (id, project_id, tag_id) values (491, 52, 14);
insert into tag_project (id, project_id, tag_id) values (492, 84, 139);
insert into tag_project (id, project_id, tag_id) values (493, 51, 79);
insert into tag_project (id, project_id, tag_id) values (494, 95, 97);
insert into tag_project (id, project_id, tag_id) values (495, 66, 157);
insert into tag_project (id, project_id, tag_id) values (496, 68, 18);
insert into tag_project (id, project_id, tag_id) values (497, 78, 177);
insert into tag_project (id, project_id, tag_id) values (498, 19, 195);
insert into tag_project (id, project_id, tag_id) values (499, 77, 163);
insert into tag_project (id, project_id, tag_id) values (500, 9, 28);
insert into tag_project (id, project_id, tag_id) values (501, 38, 181);
insert into tag_project (id, project_id, tag_id) values (502, 55, 85);
insert into tag_project (id, project_id, tag_id) values (503, 34, 171);
insert into tag_project (id, project_id, tag_id) values (504, 38, 96);
insert into tag_project (id, project_id, tag_id) values (505, 78, 134);
insert into tag_project (id, project_id, tag_id) values (506, 3, 24);
insert into tag_project (id, project_id, tag_id) values (507, 42, 38);
insert into tag_project (id, project_id, tag_id) values (508, 94, 73);
insert into tag_project (id, project_id, tag_id) values (509, 39, 97);
insert into tag_project (id, project_id, tag_id) values (510, 10, 23);
insert into tag_project (id, project_id, tag_id) values (511, 47, 86);
insert into tag_project (id, project_id, tag_id) values (512, 87, 12);
insert into tag_project (id, project_id, tag_id) values (513, 73, 85);
insert into tag_project (id, project_id, tag_id) values (514, 28, 198);
insert into tag_project (id, project_id, tag_id) values (515, 15, 85);
insert into tag_project (id, project_id, tag_id) values (516, 53, 96);
insert into tag_project (id, project_id, tag_id) values (517, 67, 94);
insert into tag_project (id, project_id, tag_id) values (518, 4, 164);
insert into tag_project (id, project_id, tag_id) values (519, 97, 152);
insert into tag_project (id, project_id, tag_id) values (520, 17, 165);
insert into tag_project (id, project_id, tag_id) values (521, 23, 37);
insert into tag_project (id, project_id, tag_id) values (522, 93, 82);
insert into tag_project (id, project_id, tag_id) values (523, 84, 68);
insert into tag_project (id, project_id, tag_id) values (524, 53, 187);
insert into tag_project (id, project_id, tag_id) values (525, 11, 16);
insert into tag_project (id, project_id, tag_id) values (526, 8, 70);
insert into tag_project (id, project_id, tag_id) values (527, 94, 150);
insert into tag_project (id, project_id, tag_id) values (528, 41, 195);
insert into tag_project (id, project_id, tag_id) values (529, 93, 196);
insert into tag_project (id, project_id, tag_id) values (530, 9, 39);
insert into tag_project (id, project_id, tag_id) values (531, 78, 69);
insert into tag_project (id, project_id, tag_id) values (532, 64, 57);
insert into tag_project (id, project_id, tag_id) values (533, 31, 29);
insert into tag_project (id, project_id, tag_id) values (534, 86, 39);
insert into tag_project (id, project_id, tag_id) values (535, 9, 188);
insert into tag_project (id, project_id, tag_id) values (536, 94, 17);
insert into tag_project (id, project_id, tag_id) values (537, 3, 11);
insert into tag_project (id, project_id, tag_id) values (538, 84, 161);
insert into tag_project (id, project_id, tag_id) values (539, 61, 154);
insert into tag_project (id, project_id, tag_id) values (540, 24, 99);
insert into tag_project (id, project_id, tag_id) values (541, 84, 189);
insert into tag_project (id, project_id, tag_id) values (542, 76, 16);
insert into tag_project (id, project_id, tag_id) values (543, 24, 102);
insert into tag_project (id, project_id, tag_id) values (544, 5, 47);
insert into tag_project (id, project_id, tag_id) values (545, 94, 129);
insert into tag_project (id, project_id, tag_id) values (546, 58, 83);
insert into tag_project (id, project_id, tag_id) values (547, 14, 57);
insert into tag_project (id, project_id, tag_id) values (548, 94, 114);
insert into tag_project (id, project_id, tag_id) values (549, 58, 13);
insert into tag_project (id, project_id, tag_id) values (550, 16, 106);
insert into tag_project (id, project_id, tag_id) values (551, 35, 160);
insert into tag_project (id, project_id, tag_id) values (552, 48, 21);
insert into tag_project (id, project_id, tag_id) values (553, 1, 158);
insert into tag_project (id, project_id, tag_id) values (554, 81, 3);
insert into tag_project (id, project_id, tag_id) values (555, 100, 54);
insert into tag_project (id, project_id, tag_id) values (556, 80, 162);
insert into tag_project (id, project_id, tag_id) values (557, 1, 154);
insert into tag_project (id, project_id, tag_id) values (558, 47, 43);
insert into tag_project (id, project_id, tag_id) values (559, 28, 121);
insert into tag_project (id, project_id, tag_id) values (560, 9, 30);
insert into tag_project (id, project_id, tag_id) values (561, 4, 108);
insert into tag_project (id, project_id, tag_id) values (562, 58, 37);
insert into tag_project (id, project_id, tag_id) values (563, 69, 156);
insert into tag_project (id, project_id, tag_id) values (564, 26, 196);
insert into tag_project (id, project_id, tag_id) values (565, 12, 92);
insert into tag_project (id, project_id, tag_id) values (566, 41, 19);
insert into tag_project (id, project_id, tag_id) values (567, 97, 193);
insert into tag_project (id, project_id, tag_id) values (568, 63, 67);
insert into tag_project (id, project_id, tag_id) values (569, 51, 70);
insert into tag_project (id, project_id, tag_id) values (570, 72, 125);
insert into tag_project (id, project_id, tag_id) values (571, 53, 22);
insert into tag_project (id, project_id, tag_id) values (572, 67, 197);
insert into tag_project (id, project_id, tag_id) values (573, 46, 140);
insert into tag_project (id, project_id, tag_id) values (574, 40, 157);
insert into tag_project (id, project_id, tag_id) values (575, 90, 59);
insert into tag_project (id, project_id, tag_id) values (576, 47, 50);
insert into tag_project (id, project_id, tag_id) values (577, 57, 93);
insert into tag_project (id, project_id, tag_id) values (578, 40, 116);
insert into tag_project (id, project_id, tag_id) values (579, 28, 86);
insert into tag_project (id, project_id, tag_id) values (580, 6, 180);
insert into tag_project (id, project_id, tag_id) values (581, 1, 5);
insert into tag_project (id, project_id, tag_id) values (582, 59, 27);
insert into tag_project (id, project_id, tag_id) values (583, 24, 13);
insert into tag_project (id, project_id, tag_id) values (584, 10, 118);
insert into tag_project (id, project_id, tag_id) values (585, 52, 68);
insert into tag_project (id, project_id, tag_id) values (586, 74, 18);
insert into tag_project (id, project_id, tag_id) values (587, 60, 167);
insert into tag_project (id, project_id, tag_id) values (588, 82, 191);
insert into tag_project (id, project_id, tag_id) values (589, 3, 193);
insert into tag_project (id, project_id, tag_id) values (590, 52, 138);
insert into tag_project (id, project_id, tag_id) values (591, 7, 25);
insert into tag_project (id, project_id, tag_id) values (592, 73, 97);
insert into tag_project (id, project_id, tag_id) values (593, 90, 148);
insert into tag_project (id, project_id, tag_id) values (594, 20, 155);
insert into tag_project (id, project_id, tag_id) values (595, 6, 53);
insert into tag_project (id, project_id, tag_id) values (596, 34, 181);
insert into tag_project (id, project_id, tag_id) values (597, 9, 104);
insert into tag_project (id, project_id, tag_id) values (598, 27, 181);
insert into tag_project (id, project_id, tag_id) values (599, 23, 135);
insert into tag_project (id, project_id, tag_id) values (600, 66, 165);
insert into tag_project (id, project_id, tag_id) values (601, 62, 162);
insert into tag_project (id, project_id, tag_id) values (602, 42, 81);
insert into tag_project (id, project_id, tag_id) values (603, 68, 183);
insert into tag_project (id, project_id, tag_id) values (604, 47, 69);
insert into tag_project (id, project_id, tag_id) values (605, 6, 175);
insert into tag_project (id, project_id, tag_id) values (606, 71, 78);
insert into tag_project (id, project_id, tag_id) values (607, 100, 120);
insert into tag_project (id, project_id, tag_id) values (608, 42, 192);
insert into tag_project (id, project_id, tag_id) values (609, 97, 153);
insert into tag_project (id, project_id, tag_id) values (610, 15, 99);
insert into tag_project (id, project_id, tag_id) values (611, 14, 53);
insert into tag_project (id, project_id, tag_id) values (612, 44, 173);
insert into tag_project (id, project_id, tag_id) values (613, 62, 19);
insert into tag_project (id, project_id, tag_id) values (614, 76, 174);
insert into tag_project (id, project_id, tag_id) values (615, 51, 30);
insert into tag_project (id, project_id, tag_id) values (616, 59, 120);
insert into tag_project (id, project_id, tag_id) values (617, 87, 172);
insert into tag_project (id, project_id, tag_id) values (618, 15, 155);
insert into tag_project (id, project_id, tag_id) values (619, 44, 161);
insert into tag_project (id, project_id, tag_id) values (620, 88, 120);
insert into tag_project (id, project_id, tag_id) values (621, 28, 172);
insert into tag_project (id, project_id, tag_id) values (622, 99, 76);
insert into tag_project (id, project_id, tag_id) values (623, 98, 118);
insert into tag_project (id, project_id, tag_id) values (624, 31, 17);
insert into tag_project (id, project_id, tag_id) values (625, 21, 129);
insert into tag_project (id, project_id, tag_id) values (626, 62, 106);
insert into tag_project (id, project_id, tag_id) values (627, 14, 88);
insert into tag_project (id, project_id, tag_id) values (628, 50, 4);
insert into tag_project (id, project_id, tag_id) values (629, 90, 165);
insert into tag_project (id, project_id, tag_id) values (630, 99, 73);
insert into tag_project (id, project_id, tag_id) values (631, 7, 3);
insert into tag_project (id, project_id, tag_id) values (632, 61, 30);
insert into tag_project (id, project_id, tag_id) values (633, 62, 28);
insert into tag_project (id, project_id, tag_id) values (634, 16, 150);
insert into tag_project (id, project_id, tag_id) values (635, 96, 128);
insert into tag_project (id, project_id, tag_id) values (636, 3, 5);
insert into tag_project (id, project_id, tag_id) values (637, 14, 11);
insert into tag_project (id, project_id, tag_id) values (638, 71, 154);
insert into tag_project (id, project_id, tag_id) values (639, 76, 73);
insert into tag_project (id, project_id, tag_id) values (640, 35, 102);
insert into tag_project (id, project_id, tag_id) values (641, 63, 172);
insert into tag_project (id, project_id, tag_id) values (642, 63, 141);
insert into tag_project (id, project_id, tag_id) values (643, 61, 65);
insert into tag_project (id, project_id, tag_id) values (644, 59, 181);
insert into tag_project (id, project_id, tag_id) values (645, 33, 136);
insert into tag_project (id, project_id, tag_id) values (646, 49, 177);
insert into tag_project (id, project_id, tag_id) values (647, 12, 99);
insert into tag_project (id, project_id, tag_id) values (648, 30, 57);
insert into tag_project (id, project_id, tag_id) values (649, 60, 148);
insert into tag_project (id, project_id, tag_id) values (650, 18, 23);
insert into tag_project (id, project_id, tag_id) values (651, 89, 61);
insert into tag_project (id, project_id, tag_id) values (652, 100, 200);
insert into tag_project (id, project_id, tag_id) values (653, 60, 71);
insert into tag_project (id, project_id, tag_id) values (654, 34, 100);
insert into tag_project (id, project_id, tag_id) values (655, 99, 173);
insert into tag_project (id, project_id, tag_id) values (656, 84, 185);
insert into tag_project (id, project_id, tag_id) values (657, 28, 181);
insert into tag_project (id, project_id, tag_id) values (658, 74, 63);
insert into tag_project (id, project_id, tag_id) values (659, 26, 110);
insert into tag_project (id, project_id, tag_id) values (660, 3, 168);
insert into tag_project (id, project_id, tag_id) values (661, 56, 151);
insert into tag_project (id, project_id, tag_id) values (662, 25, 77);
insert into tag_project (id, project_id, tag_id) values (663, 31, 69);
insert into tag_project (id, project_id, tag_id) values (664, 48, 161);
insert into tag_project (id, project_id, tag_id) values (665, 51, 36);
insert into tag_project (id, project_id, tag_id) values (666, 92, 85);
insert into tag_project (id, project_id, tag_id) values (667, 74, 113);
insert into tag_project (id, project_id, tag_id) values (668, 13, 134);
insert into tag_project (id, project_id, tag_id) values (669, 43, 48);
insert into tag_project (id, project_id, tag_id) values (670, 22, 163);
insert into tag_project (id, project_id, tag_id) values (671, 86, 189);
insert into tag_project (id, project_id, tag_id) values (672, 37, 21);
insert into tag_project (id, project_id, tag_id) values (673, 89, 8);
insert into tag_project (id, project_id, tag_id) values (674, 12, 185);
insert into tag_project (id, project_id, tag_id) values (675, 84, 38);
insert into tag_project (id, project_id, tag_id) values (676, 86, 15);
insert into tag_project (id, project_id, tag_id) values (677, 78, 48);
insert into tag_project (id, project_id, tag_id) values (678, 53, 196);
insert into tag_project (id, project_id, tag_id) values (679, 82, 34);
insert into tag_project (id, project_id, tag_id) values (680, 8, 43);
insert into tag_project (id, project_id, tag_id) values (681, 47, 86);
insert into tag_project (id, project_id, tag_id) values (682, 25, 56);
insert into tag_project (id, project_id, tag_id) values (683, 93, 196);
insert into tag_project (id, project_id, tag_id) values (684, 11, 20);
insert into tag_project (id, project_id, tag_id) values (685, 94, 166);
insert into tag_project (id, project_id, tag_id) values (686, 36, 18);
insert into tag_project (id, project_id, tag_id) values (687, 92, 106);
insert into tag_project (id, project_id, tag_id) values (688, 11, 159);
insert into tag_project (id, project_id, tag_id) values (689, 36, 157);
insert into tag_project (id, project_id, tag_id) values (690, 9, 106);
insert into tag_project (id, project_id, tag_id) values (691, 16, 31);
insert into tag_project (id, project_id, tag_id) values (692, 55, 78);
insert into tag_project (id, project_id, tag_id) values (693, 86, 16);
insert into tag_project (id, project_id, tag_id) values (694, 51, 187);
insert into tag_project (id, project_id, tag_id) values (695, 73, 3);
insert into tag_project (id, project_id, tag_id) values (696, 67, 175);
insert into tag_project (id, project_id, tag_id) values (697, 14, 62);
insert into tag_project (id, project_id, tag_id) values (698, 11, 192);
insert into tag_project (id, project_id, tag_id) values (699, 78, 108);
insert into tag_project (id, project_id, tag_id) values (700, 77, 180);
insert into tag_project (id, project_id, tag_id) values (701, 96, 99);
insert into tag_project (id, project_id, tag_id) values (702, 56, 139);
insert into tag_project (id, project_id, tag_id) values (703, 100, 195);
insert into tag_project (id, project_id, tag_id) values (704, 76, 83);
insert into tag_project (id, project_id, tag_id) values (705, 84, 6);
insert into tag_project (id, project_id, tag_id) values (706, 69, 51);
insert into tag_project (id, project_id, tag_id) values (707, 48, 106);
insert into tag_project (id, project_id, tag_id) values (708, 19, 126);
insert into tag_project (id, project_id, tag_id) values (709, 76, 62);
insert into tag_project (id, project_id, tag_id) values (710, 90, 43);
insert into tag_project (id, project_id, tag_id) values (711, 47, 90);
insert into tag_project (id, project_id, tag_id) values (712, 1, 106);
insert into tag_project (id, project_id, tag_id) values (713, 56, 63);
insert into tag_project (id, project_id, tag_id) values (714, 86, 57);
insert into tag_project (id, project_id, tag_id) values (715, 90, 20);
insert into tag_project (id, project_id, tag_id) values (716, 80, 103);
insert into tag_project (id, project_id, tag_id) values (717, 48, 196);
insert into tag_project (id, project_id, tag_id) values (718, 97, 193);
insert into tag_project (id, project_id, tag_id) values (719, 7, 144);
insert into tag_project (id, project_id, tag_id) values (720, 26, 129);
insert into tag_project (id, project_id, tag_id) values (721, 17, 188);
insert into tag_project (id, project_id, tag_id) values (722, 33, 11);
insert into tag_project (id, project_id, tag_id) values (723, 92, 127);
insert into tag_project (id, project_id, tag_id) values (724, 67, 60);
insert into tag_project (id, project_id, tag_id) values (725, 18, 30);
insert into tag_project (id, project_id, tag_id) values (726, 91, 189);
insert into tag_project (id, project_id, tag_id) values (727, 61, 83);
insert into tag_project (id, project_id, tag_id) values (728, 51, 157);
insert into tag_project (id, project_id, tag_id) values (729, 44, 95);
insert into tag_project (id, project_id, tag_id) values (730, 76, 172);
insert into tag_project (id, project_id, tag_id) values (731, 79, 63);
insert into tag_project (id, project_id, tag_id) values (732, 63, 50);
insert into tag_project (id, project_id, tag_id) values (733, 39, 55);
insert into tag_project (id, project_id, tag_id) values (734, 2, 89);
insert into tag_project (id, project_id, tag_id) values (735, 16, 179);
insert into tag_project (id, project_id, tag_id) values (736, 45, 23);
insert into tag_project (id, project_id, tag_id) values (737, 43, 182);
insert into tag_project (id, project_id, tag_id) values (738, 74, 159);
insert into tag_project (id, project_id, tag_id) values (739, 99, 66);
insert into tag_project (id, project_id, tag_id) values (740, 3, 43);
insert into tag_project (id, project_id, tag_id) values (741, 44, 99);
insert into tag_project (id, project_id, tag_id) values (742, 48, 127);
insert into tag_project (id, project_id, tag_id) values (743, 43, 28);
insert into tag_project (id, project_id, tag_id) values (744, 59, 108);
insert into tag_project (id, project_id, tag_id) values (745, 6, 102);
insert into tag_project (id, project_id, tag_id) values (746, 66, 111);
insert into tag_project (id, project_id, tag_id) values (747, 49, 15);
insert into tag_project (id, project_id, tag_id) values (748, 94, 132);
insert into tag_project (id, project_id, tag_id) values (749, 81, 76);
insert into tag_project (id, project_id, tag_id) values (750, 43, 50);
insert into tag_project (id, project_id, tag_id) values (751, 19, 45);
insert into tag_project (id, project_id, tag_id) values (752, 30, 57);
insert into tag_project (id, project_id, tag_id) values (753, 10, 194);
insert into tag_project (id, project_id, tag_id) values (754, 29, 46);
insert into tag_project (id, project_id, tag_id) values (755, 22, 49);
insert into tag_project (id, project_id, tag_id) values (756, 88, 149);
insert into tag_project (id, project_id, tag_id) values (757, 66, 70);
insert into tag_project (id, project_id, tag_id) values (758, 46, 191);
insert into tag_project (id, project_id, tag_id) values (759, 70, 183);
insert into tag_project (id, project_id, tag_id) values (760, 34, 189);
insert into tag_project (id, project_id, tag_id) values (761, 74, 126);
insert into tag_project (id, project_id, tag_id) values (762, 30, 137);
insert into tag_project (id, project_id, tag_id) values (763, 60, 156);
insert into tag_project (id, project_id, tag_id) values (764, 39, 131);
insert into tag_project (id, project_id, tag_id) values (765, 91, 155);
insert into tag_project (id, project_id, tag_id) values (766, 53, 39);
insert into tag_project (id, project_id, tag_id) values (767, 89, 179);
insert into tag_project (id, project_id, tag_id) values (768, 53, 190);
insert into tag_project (id, project_id, tag_id) values (769, 95, 56);
insert into tag_project (id, project_id, tag_id) values (770, 5, 194);
insert into tag_project (id, project_id, tag_id) values (771, 57, 187);
insert into tag_project (id, project_id, tag_id) values (772, 71, 38);
insert into tag_project (id, project_id, tag_id) values (773, 34, 6);
insert into tag_project (id, project_id, tag_id) values (774, 53, 121);
insert into tag_project (id, project_id, tag_id) values (775, 93, 186);
insert into tag_project (id, project_id, tag_id) values (776, 83, 150);
insert into tag_project (id, project_id, tag_id) values (777, 1, 11);
insert into tag_project (id, project_id, tag_id) values (778, 96, 100);
insert into tag_project (id, project_id, tag_id) values (779, 43, 147);
insert into tag_project (id, project_id, tag_id) values (780, 89, 11);
insert into tag_project (id, project_id, tag_id) values (781, 77, 163);
insert into tag_project (id, project_id, tag_id) values (782, 16, 97);
insert into tag_project (id, project_id, tag_id) values (783, 55, 66);
insert into tag_project (id, project_id, tag_id) values (784, 58, 168);
insert into tag_project (id, project_id, tag_id) values (785, 61, 96);
insert into tag_project (id, project_id, tag_id) values (786, 26, 132);
insert into tag_project (id, project_id, tag_id) values (787, 67, 124);
insert into tag_project (id, project_id, tag_id) values (788, 31, 44);
insert into tag_project (id, project_id, tag_id) values (789, 55, 139);
insert into tag_project (id, project_id, tag_id) values (790, 97, 156);
insert into tag_project (id, project_id, tag_id) values (791, 9, 101);
insert into tag_project (id, project_id, tag_id) values (792, 69, 104);
insert into tag_project (id, project_id, tag_id) values (793, 84, 23);
insert into tag_project (id, project_id, tag_id) values (794, 3, 125);
insert into tag_project (id, project_id, tag_id) values (795, 92, 99);
insert into tag_project (id, project_id, tag_id) values (796, 8, 24);
insert into tag_project (id, project_id, tag_id) values (797, 98, 112);
insert into tag_project (id, project_id, tag_id) values (798, 57, 122);
insert into tag_project (id, project_id, tag_id) values (799, 7, 151);
insert into tag_project (id, project_id, tag_id) values (800, 36, 35);
insert into tag_project (id, project_id, tag_id) values (801, 55, 170);
insert into tag_project (id, project_id, tag_id) values (802, 94, 3);
insert into tag_project (id, project_id, tag_id) values (803, 58, 92);
insert into tag_project (id, project_id, tag_id) values (804, 74, 135);
insert into tag_project (id, project_id, tag_id) values (805, 73, 32);
insert into tag_project (id, project_id, tag_id) values (806, 25, 108);
insert into tag_project (id, project_id, tag_id) values (807, 35, 32);
insert into tag_project (id, project_id, tag_id) values (808, 82, 35);
insert into tag_project (id, project_id, tag_id) values (809, 59, 170);
insert into tag_project (id, project_id, tag_id) values (810, 30, 199);
insert into tag_project (id, project_id, tag_id) values (811, 67, 131);
insert into tag_project (id, project_id, tag_id) values (812, 4, 183);
insert into tag_project (id, project_id, tag_id) values (813, 50, 141);
insert into tag_project (id, project_id, tag_id) values (814, 72, 188);
insert into tag_project (id, project_id, tag_id) values (815, 46, 57);
insert into tag_project (id, project_id, tag_id) values (816, 46, 84);
insert into tag_project (id, project_id, tag_id) values (817, 90, 41);
insert into tag_project (id, project_id, tag_id) values (818, 80, 147);
insert into tag_project (id, project_id, tag_id) values (819, 90, 177);
insert into tag_project (id, project_id, tag_id) values (820, 79, 178);
insert into tag_project (id, project_id, tag_id) values (821, 6, 17);
insert into tag_project (id, project_id, tag_id) values (822, 35, 83);
insert into tag_project (id, project_id, tag_id) values (823, 42, 97);
insert into tag_project (id, project_id, tag_id) values (824, 7, 117);
insert into tag_project (id, project_id, tag_id) values (825, 55, 74);
insert into tag_project (id, project_id, tag_id) values (826, 38, 67);
insert into tag_project (id, project_id, tag_id) values (827, 41, 186);
insert into tag_project (id, project_id, tag_id) values (828, 12, 93);
insert into tag_project (id, project_id, tag_id) values (829, 64, 195);
insert into tag_project (id, project_id, tag_id) values (830, 33, 37);
insert into tag_project (id, project_id, tag_id) values (831, 83, 20);
insert into tag_project (id, project_id, tag_id) values (832, 89, 198);
insert into tag_project (id, project_id, tag_id) values (833, 73, 37);
insert into tag_project (id, project_id, tag_id) values (834, 67, 40);
insert into tag_project (id, project_id, tag_id) values (835, 65, 22);
insert into tag_project (id, project_id, tag_id) values (836, 3, 138);
insert into tag_project (id, project_id, tag_id) values (837, 88, 76);
insert into tag_project (id, project_id, tag_id) values (838, 64, 148);
insert into tag_project (id, project_id, tag_id) values (839, 40, 94);
insert into tag_project (id, project_id, tag_id) values (840, 73, 72);
insert into tag_project (id, project_id, tag_id) values (841, 82, 72);
insert into tag_project (id, project_id, tag_id) values (842, 29, 194);
insert into tag_project (id, project_id, tag_id) values (843, 33, 70);
insert into tag_project (id, project_id, tag_id) values (844, 34, 66);
insert into tag_project (id, project_id, tag_id) values (845, 84, 93);
insert into tag_project (id, project_id, tag_id) values (846, 79, 157);
insert into tag_project (id, project_id, tag_id) values (847, 69, 196);
insert into tag_project (id, project_id, tag_id) values (848, 72, 20);
insert into tag_project (id, project_id, tag_id) values (849, 87, 43);
insert into tag_project (id, project_id, tag_id) values (850, 97, 175);
insert into tag_project (id, project_id, tag_id) values (851, 72, 22);
insert into tag_project (id, project_id, tag_id) values (852, 41, 49);
insert into tag_project (id, project_id, tag_id) values (853, 38, 161);
insert into tag_project (id, project_id, tag_id) values (854, 3, 167);
insert into tag_project (id, project_id, tag_id) values (855, 56, 173);
insert into tag_project (id, project_id, tag_id) values (856, 1, 182);
insert into tag_project (id, project_id, tag_id) values (857, 94, 64);
insert into tag_project (id, project_id, tag_id) values (858, 71, 102);
insert into tag_project (id, project_id, tag_id) values (859, 29, 190);
insert into tag_project (id, project_id, tag_id) values (860, 35, 13);
insert into tag_project (id, project_id, tag_id) values (861, 98, 97);
insert into tag_project (id, project_id, tag_id) values (862, 55, 13);
insert into tag_project (id, project_id, tag_id) values (863, 21, 101);
insert into tag_project (id, project_id, tag_id) values (864, 5, 176);
insert into tag_project (id, project_id, tag_id) values (865, 14, 93);
insert into tag_project (id, project_id, tag_id) values (866, 24, 44);
insert into tag_project (id, project_id, tag_id) values (867, 84, 87);
insert into tag_project (id, project_id, tag_id) values (868, 21, 39);
insert into tag_project (id, project_id, tag_id) values (869, 34, 19);
insert into tag_project (id, project_id, tag_id) values (870, 6, 35);
insert into tag_project (id, project_id, tag_id) values (871, 43, 152);
insert into tag_project (id, project_id, tag_id) values (872, 58, 132);
insert into tag_project (id, project_id, tag_id) values (873, 60, 150);
insert into tag_project (id, project_id, tag_id) values (874, 96, 6);
insert into tag_project (id, project_id, tag_id) values (875, 69, 102);
insert into tag_project (id, project_id, tag_id) values (876, 83, 69);
insert into tag_project (id, project_id, tag_id) values (877, 57, 97);
insert into tag_project (id, project_id, tag_id) values (878, 53, 86);
insert into tag_project (id, project_id, tag_id) values (879, 60, 167);
insert into tag_project (id, project_id, tag_id) values (880, 65, 8);
insert into tag_project (id, project_id, tag_id) values (881, 54, 25);
insert into tag_project (id, project_id, tag_id) values (882, 79, 167);
insert into tag_project (id, project_id, tag_id) values (883, 47, 81);
insert into tag_project (id, project_id, tag_id) values (884, 87, 63);
insert into tag_project (id, project_id, tag_id) values (885, 47, 90);
insert into tag_project (id, project_id, tag_id) values (886, 5, 3);
insert into tag_project (id, project_id, tag_id) values (887, 45, 33);
insert into tag_project (id, project_id, tag_id) values (888, 56, 49);
insert into tag_project (id, project_id, tag_id) values (889, 49, 120);
insert into tag_project (id, project_id, tag_id) values (890, 57, 74);
insert into tag_project (id, project_id, tag_id) values (891, 14, 194);
insert into tag_project (id, project_id, tag_id) values (892, 88, 197);
insert into tag_project (id, project_id, tag_id) values (893, 15, 50);
insert into tag_project (id, project_id, tag_id) values (894, 93, 75);
insert into tag_project (id, project_id, tag_id) values (895, 67, 21);
insert into tag_project (id, project_id, tag_id) values (896, 27, 123);
insert into tag_project (id, project_id, tag_id) values (897, 13, 106);
insert into tag_project (id, project_id, tag_id) values (898, 81, 30);
insert into tag_project (id, project_id, tag_id) values (899, 35, 134);
insert into tag_project (id, project_id, tag_id) values (900, 97, 193);
insert into tag_project (id, project_id, tag_id) values (901, 33, 46);
insert into tag_project (id, project_id, tag_id) values (902, 47, 59);
insert into tag_project (id, project_id, tag_id) values (903, 4, 70);
insert into tag_project (id, project_id, tag_id) values (904, 44, 199);
insert into tag_project (id, project_id, tag_id) values (905, 6, 70);
insert into tag_project (id, project_id, tag_id) values (906, 83, 143);
insert into tag_project (id, project_id, tag_id) values (907, 35, 46);
insert into tag_project (id, project_id, tag_id) values (908, 21, 27);
insert into tag_project (id, project_id, tag_id) values (909, 67, 45);
insert into tag_project (id, project_id, tag_id) values (910, 86, 98);
insert into tag_project (id, project_id, tag_id) values (911, 100, 42);
insert into tag_project (id, project_id, tag_id) values (912, 46, 148);
insert into tag_project (id, project_id, tag_id) values (913, 20, 173);
insert into tag_project (id, project_id, tag_id) values (914, 76, 87);
insert into tag_project (id, project_id, tag_id) values (915, 8, 29);
insert into tag_project (id, project_id, tag_id) values (916, 13, 21);
insert into tag_project (id, project_id, tag_id) values (917, 19, 161);
insert into tag_project (id, project_id, tag_id) values (918, 24, 17);
insert into tag_project (id, project_id, tag_id) values (919, 13, 162);
insert into tag_project (id, project_id, tag_id) values (920, 64, 55);
insert into tag_project (id, project_id, tag_id) values (921, 1, 153);
insert into tag_project (id, project_id, tag_id) values (922, 64, 155);
insert into tag_project (id, project_id, tag_id) values (923, 24, 137);
insert into tag_project (id, project_id, tag_id) values (924, 14, 33);
insert into tag_project (id, project_id, tag_id) values (925, 43, 10);
insert into tag_project (id, project_id, tag_id) values (926, 63, 119);
insert into tag_project (id, project_id, tag_id) values (927, 93, 108);
insert into tag_project (id, project_id, tag_id) values (928, 99, 129);
insert into tag_project (id, project_id, tag_id) values (929, 55, 31);
insert into tag_project (id, project_id, tag_id) values (930, 22, 195);
insert into tag_project (id, project_id, tag_id) values (931, 67, 174);
insert into tag_project (id, project_id, tag_id) values (932, 84, 148);
insert into tag_project (id, project_id, tag_id) values (933, 98, 130);
insert into tag_project (id, project_id, tag_id) values (934, 85, 110);
insert into tag_project (id, project_id, tag_id) values (935, 67, 99);
insert into tag_project (id, project_id, tag_id) values (936, 23, 183);
insert into tag_project (id, project_id, tag_id) values (937, 73, 85);
insert into tag_project (id, project_id, tag_id) values (938, 71, 44);
insert into tag_project (id, project_id, tag_id) values (939, 81, 27);
insert into tag_project (id, project_id, tag_id) values (940, 57, 196);
insert into tag_project (id, project_id, tag_id) values (941, 4, 24);
insert into tag_project (id, project_id, tag_id) values (942, 93, 181);
insert into tag_project (id, project_id, tag_id) values (943, 1, 135);
insert into tag_project (id, project_id, tag_id) values (944, 78, 82);
insert into tag_project (id, project_id, tag_id) values (945, 60, 24);
insert into tag_project (id, project_id, tag_id) values (946, 1, 126);
insert into tag_project (id, project_id, tag_id) values (947, 41, 92);
insert into tag_project (id, project_id, tag_id) values (948, 79, 132);
insert into tag_project (id, project_id, tag_id) values (949, 11, 78);
insert into tag_project (id, project_id, tag_id) values (950, 87, 120);
insert into tag_project (id, project_id, tag_id) values (951, 73, 133);
insert into tag_project (id, project_id, tag_id) values (952, 18, 50);
insert into tag_project (id, project_id, tag_id) values (953, 53, 64);
insert into tag_project (id, project_id, tag_id) values (954, 58, 18);
insert into tag_project (id, project_id, tag_id) values (955, 59, 102);
insert into tag_project (id, project_id, tag_id) values (956, 54, 61);
insert into tag_project (id, project_id, tag_id) values (957, 65, 26);
insert into tag_project (id, project_id, tag_id) values (958, 45, 194);
insert into tag_project (id, project_id, tag_id) values (959, 62, 171);
insert into tag_project (id, project_id, tag_id) values (960, 2, 87);
insert into tag_project (id, project_id, tag_id) values (961, 70, 77);
insert into tag_project (id, project_id, tag_id) values (962, 75, 113);
insert into tag_project (id, project_id, tag_id) values (963, 89, 152);
insert into tag_project (id, project_id, tag_id) values (964, 5, 32);
insert into tag_project (id, project_id, tag_id) values (965, 21, 2);
insert into tag_project (id, project_id, tag_id) values (966, 15, 90);
insert into tag_project (id, project_id, tag_id) values (967, 63, 54);
insert into tag_project (id, project_id, tag_id) values (968, 98, 136);
insert into tag_project (id, project_id, tag_id) values (969, 62, 171);
insert into tag_project (id, project_id, tag_id) values (970, 42, 44);
insert into tag_project (id, project_id, tag_id) values (971, 88, 18);
insert into tag_project (id, project_id, tag_id) values (972, 38, 58);
insert into tag_project (id, project_id, tag_id) values (973, 8, 66);
insert into tag_project (id, project_id, tag_id) values (974, 91, 15);
insert into tag_project (id, project_id, tag_id) values (975, 24, 91);
insert into tag_project (id, project_id, tag_id) values (976, 25, 70);
insert into tag_project (id, project_id, tag_id) values (977, 9, 66);
insert into tag_project (id, project_id, tag_id) values (978, 23, 27);
insert into tag_project (id, project_id, tag_id) values (979, 79, 6);
insert into tag_project (id, project_id, tag_id) values (980, 31, 29);
insert into tag_project (id, project_id, tag_id) values (981, 23, 40);
insert into tag_project (id, project_id, tag_id) values (982, 42, 177);
insert into tag_project (id, project_id, tag_id) values (983, 30, 144);
insert into tag_project (id, project_id, tag_id) values (984, 91, 75);
insert into tag_project (id, project_id, tag_id) values (985, 73, 1);
insert into tag_project (id, project_id, tag_id) values (986, 63, 7);
insert into tag_project (id, project_id, tag_id) values (987, 37, 152);
insert into tag_project (id, project_id, tag_id) values (988, 67, 120);
insert into tag_project (id, project_id, tag_id) values (989, 78, 49);
insert into tag_project (id, project_id, tag_id) values (990, 51, 133);
insert into tag_project (id, project_id, tag_id) values (991, 50, 67);
insert into tag_project (id, project_id, tag_id) values (992, 21, 13);
insert into tag_project (id, project_id, tag_id) values (993, 82, 82);
insert into tag_project (id, project_id, tag_id) values (994, 30, 3);
insert into tag_project (id, project_id, tag_id) values (995, 83, 138);
insert into tag_project (id, project_id, tag_id) values (996, 37, 65);
insert into tag_project (id, project_id, tag_id) values (997, 34, 16);
insert into tag_project (id, project_id, tag_id) values (998, 27, 188);
insert into tag_project (id, project_id, tag_id) values (999, 44, 99);
insert into tag_project (id, project_id, tag_id) values (1000, 48, 102);

-- teachers/courses relationships
insert into course_user (id, course_id, user_id) values (1, 6, 2);
insert into course_user (id, course_id, user_id) values (2, 3, 3);
insert into course_user (id, course_id, user_id) values (3, 5, 3);
insert into course_user (id, course_id, user_id) values (4, 6, 3);
insert into course_user (id, course_id, user_id) values (5, 5, 4);
insert into course_user (id, course_id, user_id) values (6, 7, 4);
insert into course_user (id, course_id, user_id) values (7, 10, 4);
insert into course_user (id, course_id, user_id) values (8, 4, 5);
insert into course_user (id, course_id, user_id) values (9, 9, 5);
insert into course_user (id, course_id, user_id) values (10, 10, 5);
insert into course_user (id, course_id, user_id) values (11, 1, 6);
insert into course_user (id, course_id, user_id) values (12, 2, 6);
insert into course_user (id, course_id, user_id) values (13, 8, 6);
insert into course_user (id, course_id, user_id) values (14, 1, 7);
insert into course_user (id, course_id, user_id) values (15, 1, 8);
insert into course_user (id, course_id, user_id) values (16, 1, 9);
insert into course_user (id, course_id, user_id) values (17, 1, 10);
insert into course_user (id, course_id, user_id) values (18, 1, 11);
insert into course_user (id, course_id, user_id) values (19, 1, 12);
insert into course_user (id, course_id, user_id) values (20, 1, 13);
insert into course_user (id, course_id, user_id) values (21, 1, 14);
insert into course_user (id, course_id, user_id) values (22, 1, 15);
insert into course_user (id, course_id, user_id) values (23, 1, 16);
insert into course_user (id, course_id, user_id) values (24, 2, 7);
insert into course_user (id, course_id, user_id) values (25, 2, 8);
insert into course_user (id, course_id, user_id) values (26, 2, 9);
insert into course_user (id, course_id, user_id) values (27, 2, 10);
insert into course_user (id, course_id, user_id) values (28, 2, 11);
insert into course_user (id, course_id, user_id) values (29, 2, 12);
insert into course_user (id, course_id, user_id) values (30, 2, 13);
insert into course_user (id, course_id, user_id) values (31, 2, 14);
insert into course_user (id, course_id, user_id) values (32, 2, 15);
insert into course_user (id, course_id, user_id) values (33, 2, 16);
insert into course_user (id, course_id, user_id) values (34, 3, 7);
insert into course_user (id, course_id, user_id) values (35, 3, 8);
insert into course_user (id, course_id, user_id) values (36, 3, 9);
insert into course_user (id, course_id, user_id) values (37, 3, 10);
insert into course_user (id, course_id, user_id) values (38, 3, 11);
insert into course_user (id, course_id, user_id) values (39, 3, 12);
insert into course_user (id, course_id, user_id) values (40, 3, 13);
insert into course_user (id, course_id, user_id) values (41, 3, 14);
insert into course_user (id, course_id, user_id) values (42, 3, 15);
insert into course_user (id, course_id, user_id) values (43, 3, 16);
insert into course_user (id, course_id, user_id) values (44, 4, 7);
insert into course_user (id, course_id, user_id) values (45, 4, 8);
insert into course_user (id, course_id, user_id) values (46, 4, 9);
insert into course_user (id, course_id, user_id) values (47, 4, 10);
insert into course_user (id, course_id, user_id) values (48, 4, 11);
insert into course_user (id, course_id, user_id) values (49, 4, 12);
insert into course_user (id, course_id, user_id) values (50, 4, 13);
insert into course_user (id, course_id, user_id) values (51, 4, 14);
insert into course_user (id, course_id, user_id) values (52, 4, 15);
insert into course_user (id, course_id, user_id) values (53, 4, 16);
insert into course_user (id, course_id, user_id) values (54, 5, 7);
insert into course_user (id, course_id, user_id) values (55, 5, 8);
insert into course_user (id, course_id, user_id) values (56, 5, 9);
insert into course_user (id, course_id, user_id) values (57, 5, 10);
insert into course_user (id, course_id, user_id) values (58, 5, 11);
insert into course_user (id, course_id, user_id) values (59, 5, 12);
insert into course_user (id, course_id, user_id) values (60, 5, 13);
insert into course_user (id, course_id, user_id) values (61, 5, 14);
insert into course_user (id, course_id, user_id) values (62, 5, 15);
insert into course_user (id, course_id, user_id) values (63, 5, 16);




-- client/supplier courses relationships
insert into client_supplier_course (id, client_id, supplier_id) values (1, 1, 6);
insert into client_supplier_course (id, client_id, supplier_id) values (2, 1, 8);
insert into client_supplier_course (id, client_id, supplier_id) values (3, 2, 7);
insert into client_supplier_course (id, client_id, supplier_id) values (4, 4, 8);
insert into client_supplier_course (id, client_id, supplier_id) values (5, 5, 9);
insert into client_supplier_course (id, client_id, supplier_id) values (6, 5, 10);

-- team/user many-to-many relationship (members)
INSERT INTO team_user (id, team_id, user_id) VALUES (1, 1, 1);
INSERT INTO team_user (id, team_id, user_id) VALUES (2, 2, 1);
INSERT INTO team_user (id, team_id, user_id) VALUES (3, 3, 1);
INSERT INTO team_user (id, team_id, user_id) VALUES (4, 4, 1);
INSERT INTO team_user (id, team_id, user_id) VALUES (5, 5, 1);

-- user skills
insert into skill_user (id, user_id, tag_id) values (1, 15, 118);
insert into skill_user (id, user_id, tag_id) values (2, 9, 158);
insert into skill_user (id, user_id, tag_id) values (3, 11, 161);
insert into skill_user (id, user_id, tag_id) values (4, 13, 111);
insert into skill_user (id, user_id, tag_id) values (5, 14, 107);
insert into skill_user (id, user_id, tag_id) values (6, 11, 182);
insert into skill_user (id, user_id, tag_id) values (7, 16, 157);
insert into skill_user (id, user_id, tag_id) values (8, 9, 176);
insert into skill_user (id, user_id, tag_id) values (9, 14, 157);
insert into skill_user (id, user_id, tag_id) values (10, 12, 149);
insert into skill_user (id, user_id, tag_id) values (11, 9, 142);
insert into skill_user (id, user_id, tag_id) values (12, 12, 182);
insert into skill_user (id, user_id, tag_id) values (13, 12, 165);
insert into skill_user (id, user_id, tag_id) values (14, 8, 102);
insert into skill_user (id, user_id, tag_id) values (15, 11, 115);
insert into skill_user (id, user_id, tag_id) values (16, 8, 108);
insert into skill_user (id, user_id, tag_id) values (17, 11, 193);
insert into skill_user (id, user_id, tag_id) values (18, 14, 116);
insert into skill_user (id, user_id, tag_id) values (19, 7, 115);
insert into skill_user (id, user_id, tag_id) values (20, 15, 200);
insert into skill_user (id, user_id, tag_id) values (21, 10, 101);
insert into skill_user (id, user_id, tag_id) values (22, 12, 151);
insert into skill_user (id, user_id, tag_id) values (23, 9, 157);
insert into skill_user (id, user_id, tag_id) values (24, 8, 166);
insert into skill_user (id, user_id, tag_id) values (25, 9, 141);
insert into skill_user (id, user_id, tag_id) values (26, 11, 181);
insert into skill_user (id, user_id, tag_id) values (27, 7, 187);
insert into skill_user (id, user_id, tag_id) values (28, 9, 145);
insert into skill_user (id, user_id, tag_id) values (29, 12, 129);
insert into skill_user (id, user_id, tag_id) values (30, 14, 113);
insert into skill_user (id, user_id, tag_id) values (31, 14, 189);
insert into skill_user (id, user_id, tag_id) values (32, 10, 130);
insert into skill_user (id, user_id, tag_id) values (33, 10, 104);
insert into skill_user (id, user_id, tag_id) values (34, 13, 109);
insert into skill_user (id, user_id, tag_id) values (35, 8, 156);
insert into skill_user (id, user_id, tag_id) values (36, 13, 194);
insert into skill_user (id, user_id, tag_id) values (37, 9, 138);
insert into skill_user (id, user_id, tag_id) values (38, 8, 150);
insert into skill_user (id, user_id, tag_id) values (39, 7, 133);
insert into skill_user (id, user_id, tag_id) values (40, 10, 199);
insert into skill_user (id, user_id, tag_id) values (41, 14, 196);
insert into skill_user (id, user_id, tag_id) values (42, 15, 106);
insert into skill_user (id, user_id, tag_id) values (43, 8, 116);
insert into skill_user (id, user_id, tag_id) values (44, 16, 167);
insert into skill_user (id, user_id, tag_id) values (45, 13, 180);
insert into skill_user (id, user_id, tag_id) values (46, 15, 138);
insert into skill_user (id, user_id, tag_id) values (47, 8, 157);
insert into skill_user (id, user_id, tag_id) values (48, 10, 180);
insert into skill_user (id, user_id, tag_id) values (49, 12, 164);
insert into skill_user (id, user_id, tag_id) values (50, 15, 114);


-- milestones
INSERT INTO milestones (id, name, status, project_id, previous_milestone_id, done_date) VALUES ('1', 'Ideation', '1', '1', NULL, "2019-01-01");
INSERT INTO milestones (id, name, status, project_id, previous_milestone_id) VALUES ('2', 'Design', '2', '1', '1');
INSERT INTO milestones (id, name, status, project_id, previous_milestone_id) VALUES ('3', 'Planning', NULL, '1', '2');
INSERT INTO milestones (id, name, status, project_id, previous_milestone_id) VALUES ('4', 'Execution', NULL, '1', '3');
INSERT INTO milestones (id, name, status, project_id, previous_milestone_id) VALUES ('5', 'Tests', NULL, '1', '4');
